0,1.3926530023420336
1,0.4442089620148743
2,0.48576415156835023
3,1.6917563485724554
4,1.6679270118548863
5,0.5168955282978257
6,1.3147670733848353
7,1.4957845784385766
8,0.6287330801575443
9,0.9795602659870835
10,1.2297899467508502
11,0.470893490391998
12,0.6878951771130193
13,1.6903727324625064
14,0.49892857904356264
15,0.656045173643434
16,0.4858514676402545
17,0.8605811872913486
18,0.43288978019696184
19,0.18861239855450396
20,0.18974576535554738
21,0.23637542693862357
22,0.3975101329515866
23,0.19781566554669672
24,0.41641018897567067
25,0.8760628016154836
26,0.25626345540082135
27,0.23844483666146477
28,0.3303340903939823
29,0.1425903409353672
30,0.3625885536745834
31,1.1374449821047286
32,0.25889365614414805
33,0.22475406966548722
34,0.3063272639938977
35,0.36626453910024415
36,0.055604134185132464
37,-0.039797222072292686
38,-0.02546536847431196
39,-0.01976581999914975
40,-0.023705898534249772
41,-0.07785915607807618
42,-0.012320902243204573
43,0.5021409388951416
44,0.03475524112627817
45,-0.07820553861186588
46,0.017974087135727707
47,-0.11422374152475775
48,-0.016822073759710263
49,0.6330022692386928
50,-0.09936984644644369
51,0.04023857342352332
52,-0.1094187173530959
53,0.049315552411457346
54,0.0009769539787059958
55,-0.02386521617700283
56,-0.07856429861630439
57,-0.043927709784871094
58,-0.017902086117541943
59,-0.0578065795408537
60,-0.0800026811707466
61,0.32199673501820003
62,0.00822620482989022
63,-0.10007033289984163
64,-0.07084362395484864
65,-0.10347022153046287
66,-0.05989325870685619
67,0.518352506429847
68,-0.11604091805284915
69,0.05161717744014106
70,-0.06598103706376067
71,-0.045431186439753864
72,0.7144064692786939
73,0.2731355876138939
74,0.20428704386720606
75,0.44003015719258287
76,0.6063534434620084
77,0.3771679150147697
78,0.4343881334502524
79,0.9123047631186216
80,0.3915007173247691
81,0.42267121127300805
82,0.6743057979466861
83,0.2251532694752677
84,0.3939380929864185
85,1.2420264570112336
86,0.24821106341856847
87,0.32110208487173186
88,0.23127974912232183
89,0.5813254188361375
90,0.38399700275071885
91,0.3082533109427358
92,0.23468672038901228
93,0.19174484341678077
94,0.42788728077752153
95,0.36001745925106843
96,0.2687118035656476
97,0.8153786343589117
98,0.30798216455304805
99,0.30927377253297067
100,0.2682323299245712
101,0.2952973031527893
102,0.3188707939194187
103,0.9619483244936334
104,0.2473998219599312
105,0.39725959635569996
106,0.2644394690434826
107,0.35400955851512345
108,0.6891312935804697
109,0.3912707396245558
110,0.525903412689781
111,0.5787867080301589
112,0.7580711675990762
113,0.550453656874478
114,0.5840435351634479
115,0.7792490154406695
116,0.6026006536833336
117,0.5792076149150119
118,0.6821194257123879
119,0.5304887649899895
120,0.5980280121850484
121,1.1199878046045848
122,0.48938612679876564
123,0.7297863559101702
124,0.4440141899437992
125,0.5785771443655336
126,0.8149140228788045
127,0.3527066316433169
128,0.28433242488947325
129,0.7563180764497215
130,0.5888386016335636
131,0.5167765638590262
132,0.8613637602653136
133,0.9720452655370376
134,0.37517270378627177
135,0.6660063508717272
136,0.8304753007107292
137,0.42728045608684917
138,0.4744697928407781
139,0.9764757094413207
140,0.4308566322235271
141,0.43345865826483937
142,0.30665983302358674
143,0.6266704217484715
144,0.012394999160058444
145,-0.08079026402111768
146,-0.030678097579735462
147,-0.062344024861838404
148,-0.022574877505899964
149,-0.02241787961943197
150,-0.05381413723162447
151,0.3372465368799762
152,0.12650646674134652
153,-0.06277008142443477
154,0.10730101170584097
155,-0.03561929710671358
156,-0.07535573474362024
157,0.5679055802252286
158,-0.006968170363742249
159,0.09176878895237157
160,-0.1032099043540364
161,0.05600718142901007
162,0.8291034463902727
163,0.4012705649978782
164,0.5498235587662633
165,1.375010132034893
166,1.5146491958401005
167,0.7793870788781846
168,0.8732829964769064
169,0.8128437192208903
170,0.7558489412211331
171,0.9553797554036302
172,0.8764012816503889
173,0.7304719742115224
174,0.5554048592339274
175,1.197953844511848
176,0.6267484033446874
177,0.7264362777063357
178,0.5288666613166799
179,0.8832366736492727
180,0.5840611289946424
181,0.23094796843612414
182,0.25612788727768726
183,0.41615140716870186
184,0.42909996160274955
185,0.32206460050072183
186,0.47687304763490046
187,0.7050585329739877
188,0.4307570527429616
189,0.3859298245525698
190,0.6491201900036276
191,0.30337245288427855
192,0.32432504705392473
193,0.8487297464891069
194,0.34951173370211464
195,0.41141761418320544
196,0.1817301857482228
197,0.5171396097524075
198,0.9210197889639012
199,0.6260987295496004
200,0.5520535298270447
201,1.2783185722729655
202,1.3507684187799425
203,0.6178442563615462
204,0.5888978436539946
205,0.8733790335410977
206,0.2709429672903211
207,0.4076987459414849
208,1.1566295463282015
209,0.22161581513540277
210,0.28973690255951196
211,1.586571246112538
212,0.506451502117011
213,0.9219198144663744
214,0.42694182956993504
215,0.5867012580829533
216,0.11241882258441074
217,-0.01073143709145892
218,-0.009781730128309858
219,0.10906829774018713
220,0.030198421113884245
221,0.04085084545573714
222,-0.04453768062209327
223,0.2159948137459603
224,0.14277399413133848
225,-0.06132743346058134
226,0.05140594144219078
227,-0.009196081468232049
228,-0.05776189087304543
229,0.4864257354855155
230,-0.012259472949448059
231,0.10067080863987929
232,-0.05521771559609656
233,0.12609650826660534
234,-0.08950336933083201
235,-0.15908553406391085
236,-0.2134830433645081
237,-0.05405725381680851
238,-0.15061216089780902
239,-0.15730235414445604
240,-0.12815262496848903
241,0.17438925979093248
242,-0.13082962076009425
243,-0.24182033460706107
244,-0.035042588707772646
245,-0.17866677130252384
246,-0.19250982027998995
247,0.2764601894596251
248,-0.23160464762453
249,-0.1003281476599969
250,-0.2921796571216816
251,-0.15381642099860499
252,2.5226225086739036
253,0.6697644872738335
254,1.0517471774187117
255,1.8621811945164828
256,0.7579299907689723
257,0.6028142217176184
258,0.3916445799313256
259,2.4114492888200054
260,0.517815918918408
261,1.3961750125475767
262,1.7654079278054933
263,0.4073294472197334
264,0.39529687772482847
265,3.1697548692668343
266,0.47014073027209285
267,0.9321490622058115
268,0.5296512125541946
269,0.14006861373738977
270,0.5920408331712023
271,0.187152214377274
272,0.15293941618405438
273,0.5832824492360605
274,0.5733725844710725
275,0.2567235526141174
276,0.5212340662462014
277,0.6881252609550512
278,0.3111095238744711
279,0.3548840804590702
280,0.6544127457251886
281,0.16600347375240826
282,0.27904927982201416
283,0.7936855303470887
284,0.22522933764623848
285,0.22707964929290708
286,0.18194868676641784
287,0.36456975132876046
288,3.288278131838581
289,2.473952749615532
290,2.5623536087801937
291,3.1286015136450285
292,2.81999813078709
293,2.536661452591015
294,2.296143003552749
295,3.21544082414527
296,1.6745801894555317
297,2.0939334373280905
298,3.525282714924303
299,1.6587910990011807
300,1.65072545250027
301,4.0193658903834875
302,1.830685957050407
303,2.8993059322355013
304,1.839843647603122
305,2.1276980032106825
306,1.3032990374024038
307,0.4140139681360062
308,0.40249823283364855
309,1.3810629727695765
310,1.0485204820604477
311,0.7448302885796076
312,1.2902409813570748
313,1.4545015230980516
314,0.7207562352262502
315,1.23532624136051
316,0.9224918346770463
317,0.7198374231893501
318,0.4523506415085212
319,1.4909679225975117
320,0.7283353095597671
321,0.553395007240434
322,0.5647017401309238
323,1.1634265392708905
324,1.4666596449810334
325,0.786594576597335
326,0.6848966050347759
327,1.6945587980003554
328,1.6658222590404848
329,1.0455942658132447
330,1.8246968066437712
331,2.1240656279893555
332,1.0713433777976624
333,1.1203154915764066
334,1.837331932067893
335,0.9822940835969494
336,0.8722205797303835
337,2.282869027076487
338,1.077871469717058
339,0.803505124898884
340,0.9263445727934448
341,1.323025918086603
342,1.2263594793947847
343,0.48005947251435915
344,0.517011037669408
345,1.4310663955760334
346,1.2363282045866903
347,0.6791943135545372
348,1.3587758954989835
349,1.5996992920108186
350,0.8202439122852274
351,1.3310298655868018
352,1.5085336119421369
353,0.6242254503005413
354,0.6548081121674689
355,2.5127320306478556
356,0.7698718719758051
357,0.5550989402058231
358,0.524419005357953
359,1.1029512604275604
360,0.5841412581880229
361,0.35699881406010114
362,0.3057608299042931
363,0.614375185348805
364,0.8567507632104008
365,0.29539479386637485
366,0.6148343407333734
367,0.796729988659908
368,0.4053965608439968
369,0.8475493630208122
370,0.9063214254204457
371,0.3330778081290855
372,0.4001811692489663
373,1.6061333020097122
374,0.35721676673597225
375,0.504905297574436
376,0.22276577730031308
377,0.9622653805048461
378,0.4161242318023623
379,0.2719457383249725
380,0.2923274158930984
381,0.3416498865468931
382,0.40960440234338613
383,0.2134146698658752
384,0.37431933969259157
385,0.7258432612731083
386,0.29025221132917345
387,0.39076726821048263
388,0.6040572722833375
389,0.24313604256454024
390,0.33596193025909876
391,1.0921667221397322
392,0.33686377025260417
393,0.40075426306064255
394,0.14699053759522365
395,0.5959387347801726
396,0.25068311674721294
397,0.08344641038805517
398,0.06643086561232056
399,0.17429702806002872
400,0.11596011487159129
401,0.013255058560793877
402,0.18251428877456197
403,0.4521623429901796
404,0.018233915971096075
405,0.06231995817872838
406,0.2148013075903626
407,0.015905034324787917
408,-0.05624094730684761
409,0.5053546662583293
410,-0.022566146539729756
411,0.14158860032849535
412,-0.0007587346734052123
413,0.10713040707593194
414,1.7133082717461712
415,0.7818081101443939
416,0.4575451208276694
417,1.9462735852091004
418,1.5269580954648614
419,1.0811820826057446
420,1.6856013156530407
421,2.075605558513931
422,1.187356872202844
423,1.1360429110891848
424,1.4534110366702793
425,0.9245120339757296
426,0.5917829159786696
427,3.0962066035275497
428,1.1548706893315601
429,0.7463547927490389
430,0.6987560305603094
431,1.21407013721551
432,1.0949703462751983
433,0.6559171073034631
434,0.5370511813018054
435,0.8761171343654031
436,0.9650507374057584
437,1.0137655126413323
438,1.077119994271707
439,1.2253824123237766
440,1.004114516761715
441,1.019782541432917
442,1.1440191005167675
443,1.0027248744323536
444,0.5589612194630673
445,1.7135779942794063
446,0.9807847277777086
447,0.6418630250155943
448,0.6493484515651355
449,1.0709769578333377
450,1.4099021569938972
451,0.6229215122019051
452,0.5211186121268793
453,1.4055041886174844
454,1.2273567497835955
455,1.082780168586135
456,1.5993231843186608
457,1.4353206417189122
458,1.1012542229169098
459,1.2203997015219537
460,1.5296272137077433
461,0.9649598986917242
462,0.6332983624738732
463,2.5037918164226713
464,0.9882348287888328
465,0.7104795589002546
466,0.6306416733890516
467,1.2900095959028752
468,0.7412733217892892
469,0.32634658859876675
470,0.36625130768627856
471,0.4785737711397685
472,0.5834487128310897
473,0.27712516909000195
474,0.5523286787175379
475,0.9055069440230932
476,0.4373396685247113
477,0.45147852462312504
478,0.9134351240825965
479,0.28154160738029266
480,0.3661160620557819
481,1.3413127547687187
482,0.3336146427376888
483,0.5200764652253759
484,0.2287660751611154
485,0.5775461266111193
486,1.0848440424620451
487,0.19517475245155644
488,0.1541850345977205
489,1.068175269618949
490,0.9412468534887247
491,0.3340167563336618
492,1.2212967511143749
493,1.5238691453235969
494,0.4046382843769072
495,1.017388044093979
496,1.1868018750708713
497,0.28775471351867987
498,0.1426565895932967
499,1.6366910684748643
500,0.3587661443785133
501,0.2107728062839467
502,0.1942785215288691
503,0.8028992929278463
504,1.4869745980931877
505,0.669671106276916
506,0.7697012739270737
507,1.335132336979248
508,1.1036313422142174
509,0.6725054590477125
510,1.3282124584278179
511,1.6665675034836875
512,0.7231490406964034
513,1.4527728017960577
514,1.6286817809045235
515,0.6800702931007208
516,0.7659650958000824
517,1.7232584886570272
518,0.7429606808856856
519,0.9385043327380753
520,0.6840863339816645
521,1.1482722708895832
522,0.4630123320169819
523,0.14929347033385412
524,0.19770982600953338
525,0.33074608883821915
526,0.3819826450914785
527,0.1698855647184517
528,0.41281544941575077
529,0.8134180980495311
530,0.24937557228092805
531,0.2828788896118815
532,0.6183121518589085
533,0.12091783527707971
534,0.16889846183682636
535,1.1616194098036157
536,0.1590911102056972
537,0.3151642217544385
538,0.12614453967785333
539,0.3189460395890553
540,0.2751385364677776
541,0.06416646892584071
542,0.04916540241069088
543,0.23595291627789225
544,0.2739685986825521
545,0.046908338160094966
546,0.19702217435177236
547,0.5275510983757765
548,0.11777864976115779
549,0.061693562296690825
550,0.38598022449734254
551,0.0383036792323735
552,-0.0032743860838245625
553,0.9518507035190671
554,0.03109339998752082
555,0.19116122793322954
556,-0.009051644810283954
557,0.2070895479007754
558,0.7311760688304038
559,0.3367879920723097
560,0.35522636008343506
561,0.5780651852810177
562,0.668331019199783
563,0.4375296890978832
564,0.49406513624698667
565,0.8367987899216061
566,0.5164653384095454
567,0.4902236416456129
568,0.7334118132519005
569,0.37242148677537557
570,0.41188101732295407
571,1.2147418774154293
572,0.40150564905276426
573,0.5119738418983515
574,0.3083435531297005
575,0.7851368481681201
576,0.7083624696582127
577,0.4074979953810275
578,0.3498741090430588
579,0.37304791854693203
580,0.6158633939785627
581,0.3107971044931491
582,0.576888956515256
583,1.1488118121882855
584,0.4013298693475945
585,0.5444307373449868
586,0.9369733074525487
587,0.3418405153054197
588,0.44003814285482423
589,1.4642454869840003
590,0.4774648075013114
591,0.5022412558663268
592,0.244447421179202
593,0.5739219930474128
594,0.4612886067491088
595,0.05273028415262661
596,0.036046234241494016
597,0.300549977183587
598,0.3054334494301651
599,-0.004577762971952769
600,0.36347396811902366
601,0.47480800119371974
602,0.11958642739697735
603,0.17838153351414499
604,0.33611298025864556
605,-0.040904698851912974
606,0.21885370847643848
607,0.7628664607204947
608,0.022651922859671866
609,0.11570265592435094
610,-0.02668933451712173
611,0.3561427282112616
612,0.2865627174240253
613,0.1113225021207831
614,0.05210593371374676
615,0.2813510557858658
616,0.14860489884489766
617,0.02518458943030568
618,0.1983139406143576
619,0.8295116097480665
620,0.0064304755989723315
621,0.00011742967479819156
622,0.15026134506314814
623,0.03511145074178815
624,0.0758104921573715
625,0.8197835743769398
626,0.014126691946968674
627,0.09529090049867989
628,0.02465805836597433
629,0.14350834705806048
630,0.563056104765171
631,0.1851716585262083
632,0.24320320556383473
633,0.38835679199379153
634,0.47223971392117015
635,0.27307837017046294
636,0.3750838914988093
637,0.5202173812308482
638,0.24567353247802967
639,0.23025654914126717
640,0.6263840950261806
641,0.2591510441871339
642,0.28621581072904073
643,0.9130573505569546
644,0.2381662853923143
645,0.34999600869241887
646,0.1303161868005666
647,0.4391665493741774
648,0.4217353684213067
649,0.2883985964792999
650,0.23853157454022236
651,0.3387616361609666
652,0.38287160086788286
653,0.18733691094282426
654,0.37081754147507107
655,0.4531080263605902
656,0.2886847553096271
657,0.30921052417655787
658,0.5841371185328059
659,0.27580457603806147
660,0.30175531079192724
661,0.6552006902817499
662,0.30297921849720477
663,0.31268482787838503
664,0.12173488908165472
665,0.4270643132260382
666,1.381050923413864
667,0.7397724932557603
668,0.784197761894897
669,1.2235730689626854
670,1.050902368780512
671,0.870290859130748
672,1.5247986787414407
673,1.5387752648058843
674,0.7679144328132488
675,1.358777718796767
676,1.766459737582449
677,0.8649211611146548
678,0.8458658833590018
679,1.6702873271365295
680,0.8512046403755771
681,0.8714889312278985
682,0.691659275943969
683,1.242643756016713
684,0.9340860211191329
685,0.5433766701925429
686,0.5740865214670553
687,0.718841449932881
688,0.6928332614037583
689,0.6108894983170082
690,0.798292106189181
691,1.133684848893446
692,0.633499114929616
693,0.6294134718208751
694,1.0239602956569973
695,0.5843366132801148
696,0.6018460027145395
697,1.31660745105137
698,0.6278131354435733
699,0.6749452344097637
700,0.5583128225193721
701,0.7228428529011619
702,0.9569488737288268
703,0.41095121761626846
704,0.4857163948434188
705,0.8143564295054767
706,0.8643336870125268
707,0.5425145664107661
708,1.1591213614349924
709,0.9255002402108374
710,0.5511386979391617
711,1.0180610354906448
712,1.1804702688252797
713,0.47422289700556175
714,0.6667270225174428
715,1.128492089667582
716,0.5872486389702829
717,0.6615941982393233
718,0.368505189198747
719,0.9660405285591223
720,0.5858801148234105
721,0.05288375041856468
722,-0.007354434101454891
723,0.39885752348902914
724,0.40843573952623957
725,-0.016242302267972582
726,0.468199243031188
727,1.296118831876977
728,0.22135492951984534
729,0.1426849078101798
730,0.5527684915293042
731,-0.027622244123088315
732,0.14727527407819652
733,1.7217377326390404
734,0.036773723634425125
735,0.16787623081339667
736,-0.003137685390929063
737,0.2752350603924929
738,1.768295502524697
739,0.717266422831167
740,0.6673306076396256
741,2.045379571630417
742,1.6921342703500941
743,1.1487484308155345
744,1.8610066192441277
745,1.9037271815601333
746,1.1000363697017483
747,1.416994275018606
748,1.6389241464253086
749,1.1166906264519585
750,0.7798628158475509
751,2.0924518241816092
752,1.0773744273379322
753,0.8013746291777263
754,0.8092707053556187
755,1.4963628462532779
756,0.3785135996408183
757,0.08665805823440223
758,0.11280002620484642
759,0.3091982951324111
760,0.19300134207429556
761,0.06855390042488572
762,0.2999197320073361
763,0.5677720681819363
764,0.08862802646195632
765,0.09156532389824591
766,0.3448980192289551
767,0.06707682099578924
768,0.018832213841696553
769,0.7374598484765359
770,0.082404549072817
771,0.16266210443854773
772,0.024667273033495727
773,0.13154532562706647
774,0.756725839203482
775,0.3479749170407052
776,0.2720790186821267
777,0.25201046454601617
778,0.5910413110823354
779,0.34929325448344484
780,0.30365638019256436
781,0.740107362506309
782,0.4326163428851898
783,0.3922758807981198
784,1.0000255417377748
785,0.32688329177894915
786,0.3259941339657237
787,1.4347908709137582
788,0.3279854972543531
789,0.37923748342599584
790,0.2492825625993554
791,0.5368285931745483
792,0.26979387838309865
793,-0.04190647654593328
794,0.07618449253104476
795,0.024811591668630558
796,0.1506212568762343
797,-0.0724054636821248
798,0.18175404296595216
799,0.7917282512809934
800,0.12240137634121073
801,0.0008684179971261972
802,0.4111211867864757
803,-0.049888293691053485
804,0.0268923759718128
805,1.1722234307272477
806,0.019102843679323557
807,0.10953186263144708
808,-0.02203308989340212
809,0.2034933577856728
810,0.48445050411911433
811,0.34494906892185206
812,0.24367721011670893
813,0.49411516120904747
814,0.6590903482320125
815,0.242221122489809
816,0.4496595311719348
817,0.4918573849062123
818,0.2715122856975918
819,0.343896465413108
820,0.667536777477944
821,0.2528724014639227
822,0.4142179298117911
823,0.8696664963957942
824,0.3478740717764821
825,0.3370149055663476
826,0.2020710212335627
827,0.6606607076490653
828,0.18991655295523244
829,-0.09333856207242011
830,-0.07654988940726104
831,0.13299105330434452
832,0.11278994600086972
833,-0.14320753355918403
834,0.021758043157074948
835,0.2976320296871797
836,-0.06073210630229649
837,-0.07450053467065464
838,0.22617256989796386
839,-0.1661222814749679
840,-0.1550140981201682
841,0.6618312014217408
842,-0.16525787582490467
843,0.09346593284305633
844,-0.15809320865343351
845,0.004825879573908485
846,1.0390914135633778
847,0.16710090348511664
848,0.060612468656199334
849,0.7559656485541935
850,1.0277230261351564
851,0.38655260871719394
852,0.9842207657480191
853,1.4598987366926142
854,0.5021941705233677
855,0.42267012817044947
856,0.8647206506731866
857,0.2782995850777338
858,0.28306342600570744
859,2.5616774492862286
860,0.3298520566905968
861,0.16515569174973244
862,0.27237807219772747
863,0.5870158096667797
864,0.7542488188959475
865,0.15825096417127094
866,0.06229749084008062
867,0.6065595280879356
868,0.5146983942856265
869,0.2917353369093346
870,0.7331572709390799
871,1.2052076468102648
872,0.3248152645023354
873,0.2957618634716926
874,0.8352540128550215
875,0.2867258241492641
876,0.1844677860968757
877,1.9684642210564824
878,0.3142267486203889
879,0.1511913054045135
880,0.14020948807486205
881,0.5786787198370562
882,0.3925193695645754
883,0.1694241321482999
884,0.09137027391931729
885,0.49184033282696654
886,0.4594375309748312
887,0.1581408124708372
888,0.4039459857539949
889,0.5968616536066371
890,0.18453646502165813
891,0.20798508354111822
892,0.5477800681034075
893,0.09309024789419629
894,0.2518932856223009
895,1.4235904395658148
896,0.15608467821453467
897,0.24014392920350144
898,0.04221373828014354
899,0.5348165070540299
900,0.37304176497073605
901,0.028986431292641664
902,0.05547648048434946
903,0.3189590574040738
904,0.4061625887805924
905,0.03917096570141729
906,0.1518703319750824
907,0.4497437064678654
908,0.08601121916737874
909,0.07760762000812092
910,0.30279000615114954
911,0.024439973497480155
912,0.141569450966355
913,0.5459301098426311
914,0.020438957418869124
915,0.18550537765428662
916,0.05087381385293174
917,0.17011573370086672
918,0.08258526549149992
919,0.004635429331346
920,-0.053867722040098674
921,0.01495908053694742
922,0.097985935694579
923,-0.060454746901865315
924,-0.0071217055980233954
925,0.35619918248661564
926,0.005910210457863045
927,-0.05064333050275754
928,0.09604329872826467
929,-0.1318974018209534
930,-0.06888082043622436
931,0.6529040852159503
932,-0.07895125426022126
933,0.06358667370480628
934,-0.06015565697201457
935,-0.012086365743716998
936,1.383202720567624
937,0.2878538206889088
938,0.20883741616633492
939,1.1057197545634654
940,0.9910080141493199
941,0.5470042144808895
942,1.1224517691718816
943,1.6500416794746482
944,0.6777487531340622
945,0.7727300459570314
946,1.108459984022041
947,0.5281416400389024
948,0.2886014577135022
949,2.3532625337819852
950,0.6376572772947745
951,0.31277023583602165
952,0.35606892214758684
953,0.9901125150539936
954,0.26777796813182675
955,0.022045970735739794
956,0.027588689301498978
957,0.22760489817186272
958,0.3383493280950452
959,-0.048903346127199904
960,0.30588801417240297
961,0.6158738827152478
962,0.026047539142366405
963,0.18950775964227337
964,0.20084356241032258
965,-0.022722929847501523
966,0.10783995805140616
967,0.6951039501999434
968,-0.0008236344992674876
969,0.1303839968297503
970,0.04631153584781606
971,0.11073267762306202
972,0.9251143641393821
973,0.4845259780902182
974,0.47814871419896526
975,0.8200101767132494
976,0.8592692817713358
977,0.7447083173993437
978,1.105873324402369
979,1.1703682679423018
980,0.6936290444628473
981,0.8631522106524461
982,1.341751772052984
983,0.6578596264169179
984,0.508564709012891
985,1.5227613016346144
986,0.683658232432282
987,0.6814682052928888
988,0.3959807254791837
989,0.8642506704743687
990,1.3668487724057201
991,0.38745941711143905
992,0.33249977738252134
993,1.38214127452568
994,1.1762883023877508
995,0.8194120740093126
996,1.388060521524611
997,1.7439066734782513
998,0.7669843413489985
999,0.8543158673444524
1000,1.2454517654539763
1001,0.6480487564720345
1002,0.42285933743323806
1003,1.6892846736180407
1004,0.733310297300356
1005,0.42238670231860675
1006,0.49212397325362006
1007,0.9752308102374141
1008,0.40460413724271976
1009,0.09793190309425266
1010,0.11159609806223794
1011,0.28856841837631364
1012,0.32264662428394325
1013,0.09483472604550175
1014,0.3266956677671954
1015,0.6904979081739857
1016,0.2084670901584606
1017,0.1709378734335025
1018,0.4362868763691697
1019,0.06865606289963179
1020,0.0696204150941424
1021,1.0875782060703414
1022,0.06913230699507643
1023,0.24218304213375036
1024,0.05415519511398157
1025,0.24382970219795802
1026,-0.06122752280325572
1027,-0.09859509160487914
1028,-0.08817800285198997
1029,0.026994873035364922
1030,-0.04066198321193451
1031,-0.1678318853074697
1032,-0.19484905849175735
1033,0.26784773452598076
1034,-0.11733622049311915
1035,-0.10332147625807872
1036,-0.052196508058434524
1037,-0.23523810026715947
1038,-0.12201708110255838
1039,0.35555781911092743
1040,-0.12073459160934519
1041,0.12169260548553024
1042,-0.15413591524237547
1043,-0.15549616788873252
1044,0.0665179549586932
1045,-0.059376412178334774
1046,-0.08020440864263363
1047,0.06845341420863861
1048,0.050474031728282576
1049,-0.09309087858350386
1050,0.011718953754264164
1051,0.30460773549556536
1052,-0.1331293991591751
1053,-0.11513624375366818
1054,0.0030529538863676674
1055,-0.13593261103662807
1056,-0.14927128574060386
1057,0.574384426895534
1058,-0.16792171957961236
1059,0.06821230121998977
1060,-0.1513079908198559
1061,-0.09296606904340973
1062,1.2053120811180333
1063,0.49619807180514214
1064,0.4965340122656197
1065,1.2594418977507615
1066,1.2715338905723779
1067,0.5571658912009402
1068,0.9162182853863761
1069,1.0793528249657651
1070,0.6039727671355667
1071,1.066184524401208
1072,1.4188965683483352
1073,0.4206880622264179
1074,0.5228645046628265
1075,1.5462784804494503
1076,0.5330158148233045
1077,0.6498985960319482
1078,0.5155228946196293
1079,1.1401270463004947
1080,0.7771430282250713
1081,0.053942698064452885
1082,0.026723705353828505
1083,0.4744266075751341
1084,0.45555736722849643
1085,0.12327032296181155
1086,0.5494067962400688
1087,1.172282760235432
1088,0.1635325831434527
1089,0.286979435786054
1090,0.5225494737874461
1091,0.037288458838226124
1092,0.03797910038952414
1093,1.1293701932165467
1094,0.05227157825617246
1095,0.1474330350276493
1096,0.07078429913272076
1097,0.1606639071359858
1098,0.8649305858900699
1099,0.2541422982146216
1100,0.26397994645575473
1101,0.6545381457320089
1102,0.614691243281179
1103,0.2593151635661107
1104,0.6164755826608874
1105,1.1281882190449608
1106,0.41506578426210944
1107,0.5261424761836977
1108,0.7095561121665274
1109,0.2748671227733217
1110,0.3288519674787991
1111,1.1917889034178675
1112,0.3317830201067664
1113,0.48324510257973874
1114,0.20573397481553826
1115,0.6171896578206459
1116,1.5437901676936876
1117,0.7672562759478604
1118,0.6907679894958395
1119,0.9128334327406674
1120,0.9376706611052067
1121,0.8707756988145585
1122,1.2873376881819925
1123,1.687230703688988
1124,0.8124036525443727
1125,1.0318565749952557
1126,1.3447231115930376
1127,0.7503838980918209
1128,0.5509310312074238
1129,1.882033412990716
1130,0.8877826263607286
1131,0.7142945482090086
1132,0.5550198652413413
1133,0.9422584035532388
1134,0.25543378225640084
1135,0.0752774766177216
1136,0.08217849455213788
1137,0.24050866920856237
1138,0.22638224539843135
1139,0.08326121832754024
1140,0.3819837297037468
1141,0.664967551271725
1142,0.07381306243752643
1143,0.08863887497719669
1144,0.30196700359132606
1145,0.06465335025718161
1146,0.005164804729572151
1147,0.9951950992545844
1148,0.04582621714797483
1149,0.2179964853651487
1150,0.005706136572077915
1151,0.14781419922078073
1152,0.6082665507671134
1153,0.22241486113235232
1154,0.25086758241680973
1155,0.4704870730196627
1156,0.6085307881950327
1157,0.23546266889146414
1158,0.7803407219727915
1159,0.8316137478779606
1160,0.2547642782008328
1161,0.5687796450784527
1162,0.7505664676101044
1163,0.22949233902821253
1164,0.30246380703596676
1165,0.840495854594944
1166,0.27244090670347054
1167,0.30923862533904933
1168,0.20108155721374124
1169,0.4980034191285191
1170,0.22750270236724632
1171,0.1318710793543912
1172,0.10025317141970194
1173,0.3769718380633469
1174,0.0927827678847567
1175,0.04942885250556059
1176,0.1664754009847854
1177,0.4786638174103548
1178,0.10728516023709198
1179,0.03156483021279864
1180,0.11067933047866693
1181,0.01343023628732524
1182,0.17153973499466818
1183,0.37853152735371254
1184,0.1291067781750775
1185,0.14856268442570184
1186,0.03406883250303172
1187,0.06831888919063808
1188,1.8954676039924452
1189,0.7056034902286034
1190,0.7174850956571939
1191,2.1536723572213075
1192,1.8345904839420446
1193,0.9683810515808391
1194,1.794442709352165
1195,2.2298648381802875
1196,1.004998812901429
1197,1.8884530774674326
1198,1.727963510292162
1199,0.8869305181602671
1200,0.6067170037058796
1201,2.3585065185823515
1202,0.9667401413637663
1203,0.7933759143093758
1204,0.7446451033025844
1205,1.4009808704736892
1206,1.9083127659763552
1207,0.4427635281636844
1208,0.3695717164531058
1209,1.7073193996939153
1210,1.2443706596996336
1211,0.9358050479819713
1212,1.5678864068338918
1213,2.400431310403133
1214,0.9372616389056447
1215,0.8016152728828374
1216,1.5408591621474124
1217,0.7272180641148329
1218,0.5967286794226074
1219,2.3572569321368553
1220,0.9433690039984151
1221,0.38479183179996557
1222,0.5657151136081835
1223,1.018301001783332
1224,3.226431939784485
1225,0.5793482388213986
1226,0.40725273219580627
1227,3.075411075962301
1228,1.4098540176344128
1229,0.6891254461536972
1230,2.2140306562158636
1231,3.7789313884079485
1232,0.9039510328108815
1233,0.8775961876819097
1234,3.2415942940103006
1235,0.7040085595476576
1236,0.8209336812905466
1237,3.6478897738580938
1238,0.8617098178868073
1239,0.2644568031725604
1240,0.5554082097758059
1241,0.8642444059060801
1242,5.523448150626016
1243,1.972382625642665
1244,2.5387370780026632
1245,4.48656541748536
1246,2.8911717628936606
1247,1.8719498836711022
1248,2.352899793956516
1249,5.491227861687558
1250,1.578924802600591
1251,2.745187214402567
1252,5.2722631477164175
1253,1.5838870787441375
1254,1.495518050792297
1255,6.119352486573867
1256,1.6574056597335072
1257,2.1000572756431466
1258,1.6282740035229597
1259,1.863300504036038
1260,0.12304681950661499
1261,0.1807396192398326
1262,0.14029278320499475
1263,0.09810528658345581
1264,0.022226193134528154
1265,0.06436739622308806
1266,0.08954120437557825
1267,0.3602705741000926
1268,0.1355422098055546
1269,0.07835805007216506
1270,0.08330419365265893
1271,0.07721715581756439
1272,0.06862285485802434
1273,0.5195414679020552
1274,0.14747815589696822
1275,0.2317763934492135
1276,0.11812318702011584
1277,0.04777029977869234
1278,-0.17235243367856307
1279,-0.21342636782796406
1280,-0.35892793325205974
1281,-0.25608726373372886
1282,-0.30449507844293744
1283,-0.21868263489274875
1284,-0.3593350196879729
1285,0.23255146308961555
1286,-0.3256846045755082
1287,-0.4260598359614423
1288,-0.26069460006394807
1289,-0.2955846820727137
1290,-0.22550441551293843
1291,0.2993707970610648
1292,-0.29718737632887116
1293,-0.18153107008548997
1294,-0.23099324827923046
1295,-0.33415930780730646
1296,1.4660775043427463
1297,0.44746430386585356
1298,0.3802925805102494
1299,1.699820702166257
1300,1.2438452003386193
1301,0.8273899007541506
1302,1.5049880083963258
1303,1.6974541363290032
1304,0.871216689258467
1305,1.1330132805118065
1306,1.2926416388997468
1307,0.7876606545952863
1308,0.4690994312615555
1309,1.8408769725476173
1310,0.7664580773732782
1311,0.5799178311625143
1312,0.557644003449439
1313,1.0850839894911972
1314,1.0930928552352535
1315,0.33090582218425685
1316,0.34995727179163455
1317,0.8852492234845003
1318,0.8172343463644601
1319,0.44076698640404316
1320,1.1935620796130928
1321,1.4023832835465913
1322,0.638588453831763
1323,0.7963487486018115
1324,1.0932189988452816
1325,0.4163854026706874
1326,0.5215820889422264
1327,1.5150000483135493
1328,0.48152881463897224
1329,0.47356400417674394
1330,0.3785195541862855
1331,0.6938432748627844
1332,0.8429271719388998
1333,0.34234729839789557
1334,0.37732783415373694
1335,0.590999166928815
1336,0.5862012643739977
1337,0.3488245112043889
1338,0.5481345875426129
1339,1.015184724938287
1340,0.4665075626988114
1341,0.58477742897174
1342,0.5877782554469121
1343,0.3840802857426329
1344,0.4264554835337669
1345,1.348588122573772
1346,0.3987444143015528
1347,0.5812454321668384
1348,0.2927348309270853
1349,0.5645640951187405
1350,0.5387814889513621
1351,0.01563377159583774
1352,0.023780799401843893
1353,0.4473048981732381
1354,0.5055100788003781
1355,0.06281867576319528
1356,0.5195733932906218
1357,0.8994253541916266
1358,0.210537603007914
1359,0.24099205335416313
1360,0.45476924391856294
1361,-0.03144454898454603
1362,0.169230319501836
1363,1.3780665629392104
1364,0.06221832172061276
1365,0.13176340698588312
1366,0.1309240641957828
1367,0.2229898862969513
1368,0.5943412847117113
1369,0.25453468151905007
1370,0.25643179228910434
1371,0.635296870192649
1372,0.7539804847608241
1373,0.3233649264062352
1374,0.8157472241404679
1375,1.0269524290372578
1376,0.4137808857649608
1377,0.6077756601709031
1378,0.7774501290240691
1379,0.2525178804289968
1380,0.3348833496290858
1381,1.15482417834153
1382,0.26097649638591275
1383,0.37139583607818005
1384,0.26929277170103666
1385,0.5021991793267273
1386,0.7525852774589382
1387,-0.10413046539809834
1388,-0.007567739692672424
1389,0.5198771079928671
1390,0.302929362407816
1391,-0.119942513856562
1392,0.46804435450842874
1393,1.0782502538515493
1394,0.05602188266102716
1395,0.22325689279941777
1396,0.42753077979875465
1397,-0.0393497920088249
1398,0.1172131958887764
1399,1.0013119283019765
1400,-0.006201217001601207
1401,0.026280126443976683
1402,-0.011639636613808645
1403,0.3743979241647313
1404,0.5750584510070218
1405,-0.014036363382512743
1406,0.08723378187940416
1407,0.34277567856441654
1408,0.400743455709451
1409,0.06910081006297819
1410,0.5232678579627454
1411,0.694640875090896
1412,0.20082394526681718
1413,0.34586498186539283
1414,0.637736301532467
1415,0.05843526901886211
1416,0.13974695853991959
1417,0.8287983678998307
1418,0.05309342627725333
1419,0.27810924454014263
1420,-0.01699101469116351
1421,0.3197100479704601
1422,1.1230609122223387
1423,0.33880167683760337
1424,0.33920586095497035
1425,1.0125219318104535
1426,0.7524347242270181
1427,0.35470995520127524
1428,0.8647165563079254
1429,1.5543504300445041
1430,0.6461340336263347
1431,0.7849241073306316
1432,0.7049075731414279
1433,0.34298580574948007
1434,0.3769358157141379
1435,1.2959575902248543
1436,0.43874911572634473
1437,0.3203481607268756
1438,0.39344063354312697
1439,0.6640546023291061
1440,0.47736221356863845
1441,0.06954599570334538
1442,0.0876305110433915
1443,0.428802307864302
1444,0.39349212481805124
1445,0.06077193498098912
1446,0.47614546298812965
1447,0.7643993862480172
1448,0.16390973125479857
1449,0.2485159125235173
1450,0.3829991155935894
1451,0.030344489183479588
1452,0.15416235092762742
1453,0.9834876498747038
1454,0.045058580616047346
1455,0.15582849478756816
1456,0.0011644092658080654
1457,0.27203759408116657
1458,0.5626458967160829
1459,-0.004423496721386885
1460,0.06314687598165332
1461,0.45690136334906367
1462,0.46763743838942445
1463,0.025708948721015867
1464,0.40832593538189144
1465,0.9156989761382122
1466,0.1347706385281242
1467,0.26303472583979276
1468,0.49207175694679656
1469,-0.025434643121003776
1470,0.04886964829296006
1471,1.129832609386362
1472,-0.00030830881021719735
1473,0.12599480200303043
1474,0.09259897866983836
1475,0.20916458999809187
1476,0.3067459902582548
1477,-0.12630793995858813
1478,-0.04077608929393206
1479,0.1828695698339694
1480,0.14842559093092778
1481,-0.13533540996538007
1482,0.08682087088448086
1483,0.49743888297370875
1484,0.028664574175652744
1485,0.01577638522531581
1486,0.11616922684834392
1487,-0.13217900836491117
1488,-0.0758496502428005
1489,0.6556530431680344
1490,-0.08858054978305098
1491,0.033521295192959495
1492,-0.16589087252428625
1493,0.05039962974218076
1494,0.7516588807724082
1495,0.20852298942595232
1496,0.20668061362056495
1497,0.5079594120763953
1498,0.5017367555218373
1499,0.12381807918902357
1500,0.6219122443926084
1501,1.0758912394999482
1502,0.39454492859993967
1503,0.43182581696427874
1504,0.49957807575920077
1505,0.16040850553237834
1506,0.2542634534973895
1507,1.3686453478026848
1508,0.22006225920115496
1509,0.29565585521058385
1510,0.20836891735126775
1511,0.3505551463746259
1512,0.6898982575660657
1513,0.05992062192565658
1514,0.18030461901380337
1515,0.2733633211356381
1516,0.3816994387303085
1517,0.05767437565585143
1518,0.3891171284928665
1519,0.8055363686829302
1520,0.2953099352668154
1521,0.30747251199689074
1522,0.4541020963094224
1523,0.10397969700423584
1524,0.18270922254216768
1525,1.0023173067720075
1526,0.13799546003327356
1527,0.3098243394753442
1528,0.005130791021137225
1529,0.3815380460483615
1530,0.2631037616386568
1531,-0.2201588531180592
1532,-0.23810091208793915
1533,0.13308568237235852
1534,0.0715366730330978
1535,-0.2335412076379148
1536,0.48410863656486697
1537,1.0545514878101219
1538,-0.21160147087332276
1539,-0.061334860512506764
1540,0.27300106868746066
1541,-0.23289187872926903
1542,-0.10769963386013909
1543,1.2195735743750031
1544,-0.23756856615976207
1545,-0.16381777625714825
1546,-0.21233648063819555
1547,-0.10527057372536543
1548,1.0895838775926858
1549,0.1707075931541822
1550,0.21027842506088681
1551,0.7841486180463368
1552,0.6724946901347252
1553,0.33098521355940747
1554,0.7352923146578174
1555,1.24289531348342
1556,0.5044516477439593
1557,0.5571397571508645
1558,0.8254009881568842
1559,0.21922876708409947
1560,0.3382997607444397
1561,1.5102004283646489
1562,0.3023479569701441
1563,0.4624685593059373
1564,0.09137375575378806
1565,0.6037082873781305
1566,0.7502282024830754
1567,0.04931794875574787
1568,0.12013757144176526
1569,0.351722510971078
1570,0.43939707812643714
1571,0.053740583534352154
1572,0.6055238879772238
1573,1.0690088260850121
1574,0.24176226949225335
1575,0.39705862751337084
1576,0.6389058923444761
1577,0.08239966056382694
1578,0.17380225458001158
1579,1.5444372822558734
1580,0.07041122002401312
1581,0.31940736265490866
1582,-0.023350463254402213
1583,0.3874468067688401
1584,0.7772595940952511
1585,0.060672701735255824
1586,0.08139591060568971
1587,0.48961635495886724
1588,0.4083578383908624
1589,0.029728512169272157
1590,0.7472377021584402
1591,1.2243389315625803
1592,0.22133270336030622
1593,0.3897963262191256
1594,0.6492101101013567
1595,0.03852606797544379
1596,0.1706577176705508
1597,1.4102697272898657
1598,0.05385379605247155
1599,0.23645614725253422
1600,0.06397860088067645
1601,0.3741081778167685
1602,0.8839408967946871
1603,-0.026460224572536467
1604,-0.017610730354008536
1605,0.3301050958080135
1606,0.3340871953198353
1607,-0.03243709346245308
1608,0.5650293419082004
1609,1.4377909480887252
1610,0.06888134456212325
1611,0.49962722411758453
1612,0.6309492601723362
1613,0.008223177913757707
1614,0.09556992578410643
1615,1.4228652531473387
1616,0.04196747191602596
1617,0.10488593162785526
1618,0.08471377697436758
1619,0.3848511877111833
1620,0.6966572617136423
1621,0.07506727603680065
1622,0.1832960895689108
1623,0.5081923874808429
1624,0.47305611004803344
1625,0.07652989990652902
1626,0.6425982577177651
1627,0.9241402515292518
1628,0.23716313545482814
1629,0.4969291219430598
1630,0.7263498721610449
1631,0.06199395226191137
1632,0.21046227941580517
1633,1.3316147091536712
1634,0.1206379892533085
1635,0.35642709475087636
1636,0.08438172301351574
1637,0.3286573492907982
1638,1.0591384469255836
1639,0.4147883118652439
1640,0.4770394857610212
1641,0.862729832701712
1642,1.089223959635282
1643,0.5728971854231827
1644,1.2375209926048116
1645,1.6635013125195024
1646,0.6322419330101854
1647,0.8015136657972893
1648,1.0236841477559466
1649,0.6308420206889879
1650,0.8061494069452719
1651,1.7647038292283752
1652,0.6267300152754118
1653,0.5511908022462474
1654,0.651833771015365
1655,0.8755769318792567
1656,0.9392786502196455
1657,0.20277962570162197
1658,0.3900712566048583
1659,0.582811684204413
1660,0.8131720990919353
1661,0.09536047545845702
1662,0.7910813057492763
1663,1.573668019042528
1664,0.3421204630110769
1665,0.48706537887595436
1666,0.4526449452943081
1667,0.14072027988503472
1668,0.4672011949771441
1669,1.3435489038242145
1670,0.27773476198001457
1671,0.2578003891957076
1672,0.2706492109387826
1673,0.6014112455120726
1674,1.1181173195187815
1675,0.3608502305497735
1676,0.4468126608688468
1677,0.7071994713994119
1678,0.7659970033876504
1679,0.3859995312754052
1680,0.9970546444174839
1681,1.4871287564567666
1682,0.47313365268307905
1683,0.5640685012790995
1684,1.1187620770918507
1685,0.3951685405640649
1686,0.5928900196850054
1687,1.7176206720753844
1688,0.41074705694800945
1689,0.5505032979987514
1690,0.3246225141032416
1691,0.7415672198958515
1692,0.5506798061905218
1693,0.08255329046864737
1694,0.2832941686336775
1695,0.4925809682909332
1696,0.6617047322538323
1697,0.06734347458019586
1698,0.6781641563461036
1699,1.1057293948234095
1700,0.1548246845039239
1701,0.4479902491708746
1702,0.5782335778421765
1703,0.08527787882769339
1704,0.28162209711573993
1705,1.2378801657762764
1706,0.08719305498874685
1707,0.2375858802512346
1708,0.13909436516345583
1709,0.3898511676039401
1710,-0.02294909276162848
1711,-0.12079979539612583
1712,-0.103615691366914
1713,-0.039746613408887646
1714,0.0960736638296471
1715,-0.14493147616381927
1716,-0.07379606414806399
1717,0.253522975670939
1718,-0.04120287171449892
1719,-0.141430879001066
1720,0.0024638690483405404
1721,-0.21223504396888718
1722,-0.04575438097586762
1723,0.5208452148862814
1724,-0.12649315457531568
1725,-0.03420241303277897
1726,-0.18921324503587256
1727,-0.109917724528422
1728,0.05213762767066865
1729,-0.24506331677545054
1730,-0.2620848385366911
1731,0.05329152547160361
1732,-0.1659176068199302
1733,-0.2262623130559887
1734,-0.179260998975493
1735,0.45217710825934787
1736,-0.22456728737458545
1737,-0.26373645729972894
1738,0.04310510468467038
1739,-0.2712822341406035
1740,-0.2687217229199876
1741,0.7596765962352439
1742,-0.2670300904558176
1743,-0.13677360827002746
1744,-0.2601087417946722
1745,-0.18703880151933452
1746,0.480887458814608
1747,0.1648365333175125
1748,0.2087147998912891
1749,0.4228479357720039
1750,0.33350606167695185
1751,0.14899866342537565
1752,0.3708253585739608
1753,0.7265915934911766
1754,0.21245422989956259
1755,0.4733644280514916
1756,0.5111437274582907
1757,0.14631913575451422
1758,0.2184267370455767
1759,0.9993123568280289
1760,0.15686063003983464
1761,0.3132170094974699
1762,0.16786704494698773
1763,0.32285594969635106
1764,0.687621431045017
1765,0.1482200865827736
1766,0.15393698179370166
1767,0.5722748954788623
1768,0.442088992573477
1769,0.1476391747472341
1770,0.5557577616263296
1771,0.9557763239872243
1772,0.2057234514471249
1773,0.29264981200824325
1774,0.7244626315028475
1775,0.08914299813571447
1776,0.2019555993626777
1777,1.0621329604439727
1778,0.1483011137323727
1779,0.21509069840819345
1780,0.11480959545291464
1781,0.41816311822433416
1782,0.6461819357027268
1783,0.20631367466924702
1784,0.25281325405757743
1785,0.6027706031576309
1786,0.5296201614866614
1787,0.2410081113605995
1788,0.44369246661889217
1789,0.8081580755074469
1790,0.38543547586308435
1791,0.4283150395005871
1792,0.7409988543099746
1793,0.1879412624909553
1794,0.27327146036374594
1795,0.9959092548846302
1796,0.25621050106748294
1797,0.43663991980331546
1798,0.15558464162649882
1799,0.5204538183289417
1800,0.9436334599517529
1801,0.6272319224098746
1802,0.6420351322712824
1803,0.9174889068065573
1804,0.9464140415573213
1805,0.7255533407639793
1806,0.7129695554680269
1807,1.0743541085338244
1808,0.17668938538657397
1809,0.19687801021198909
1810,1.403361319112571
1811,0.15732512544761737
1812,0.07342129657984005
1813,1.629589655850733
1814,0.2650831579175985
1815,1.0560655530662273
1816,0.3125535247244918
1817,0.44319155572536895
1818,1.0025339532895507
1819,0.16592895363845947
1820,0.30333362116286855
1821,0.6604358782360851
1822,0.7389846561555962
1823,0.23062591846673935
1824,0.8576959656622658
1825,1.29474036095871
1826,0.5151607478772487
1827,0.5145550408011776
1828,0.9003418942761501
1829,0.17742840161176102
1830,0.5488302143934966
1831,1.6374113914148973
1832,0.2652493033790775
1833,0.4536554806512433
1834,0.1891722500053628
1835,0.5244084491070271
1836,1.0023380752048376
1837,0.20967108332987713
1838,0.23415348442441009
1839,0.9470216526084263
1840,1.065958799013909
1841,0.39749061260406526
1842,0.9761700892543907
1843,1.331695671480758
1844,0.5802220620773367
1845,0.4757810283664691
1846,1.0132544570826632
1847,0.339190640078621
1848,0.5505778857147541
1849,2.1349072464478023
1850,0.4216549499557666
1851,0.33318370640496897
1852,0.41036184305627743
1853,0.6335677977241447
1854,1.2553169674721087
1855,0.4506185824439753
1856,0.3888263644162002
1857,1.238163099559819
1858,0.9673025693885168
1859,0.7919103514127219
1860,1.2620667145736086
1861,1.437343962257637
1862,0.7556752988743013
1863,0.7512991843481293
1864,1.4593273412837073
1865,0.5485880390243578
1866,0.5664108152341789
1867,2.3212413138318184
1868,0.7140103777115471
1869,0.614788565767353
1870,0.32322676503256736
1871,0.751513495697551
1872,0.1392873985206218
1873,-0.04342027447198083
1874,-0.04880747033895115
1875,0.002817803138196998
1876,0.13582845931639909
1877,-0.11396538143683539
1878,0.1567146988745126
1879,0.6422663410529641
1880,0.0862053456355852
1881,-0.08739053015262606
1882,0.3372870689764716
1883,-0.10514026507529288
1884,-0.07836804746390832
1885,1.2478408451482175
1886,-0.08041383012975264
1887,0.05403306307362215
1888,-0.1093213511445722
1889,-0.02157845417352362
1890,0.8570292269927087
1891,0.16843664751961876
1892,0.2473531469793769
1893,0.984253945391211
1894,1.0503921554478917
1895,0.20326011657697896
1896,0.7521992559367542
1897,1.0060691989834831
1898,0.2859726489824508
1899,0.876666638147456
1900,1.1081014724932243
1901,0.2595209934423926
1902,0.3620404426053559
1903,1.5859785347513282
1904,0.2859682858714312
1905,0.46633865317766654
1906,0.17201171135174773
1907,0.8419323124823188
1908,0.7671603695107578
1909,0.5246302993034103
1910,0.5507881543061179
1911,0.6066184701921021
1912,0.9909217185581586
1913,0.5762620040947488
1914,0.7985087724874285
1915,1.1477335558460677
1916,0.6133090950132873
1917,0.7990319049243642
1918,0.7343983994538201
1919,0.6458696206941199
1920,0.6545127256378039
1921,1.2725485024769363
1922,0.674701592379468
1923,0.7187637030758924
1924,0.560656129508344
1925,0.7930111872525832
1926,0.6151490096979436
1927,0.3159434581640372
1928,0.25501362558044205
1929,0.4680234832539664
1930,0.7069063868949077
1931,0.10508650949161097
1932,0.2029869859657572
1933,0.3385203460701754
1934,0.13038183853886157
1935,0.4721573847034999
1936,0.5169796258162671
1937,0.09798080121798404
1938,0.22512616370264163
1939,1.2172479715664404
1940,0.17310723121977206
1941,0.2369494055580755
1942,0.14041972989671883
1943,0.4891870188524979
1944,1.7246756462840036
1945,0.6003042360230555
1946,0.34751150823613336
1947,1.707067480824402
1948,1.397953217760789
1949,0.7755686213369909
1950,1.6241383916854322
1951,2.0620616679743144
1952,0.7380280282583723
1953,1.3560904800958173
1954,1.5185379137827593
1955,0.6999086353813927
1956,0.40520227848995766
1957,2.1028635976408
1958,0.7563505088126337
1959,0.5212104692275016
1960,0.6945313976576187
1961,1.2551551801509522
1962,2.3319019578158833
1963,0.5473327171175676
1964,0.48509722434863334
1965,2.579488287949739
1966,1.4925045408075297
1967,0.8516199871862931
1968,2.3900051159002804
1969,3.0632438738595367
1970,1.1001871065800188
1971,1.058967166812153
1972,2.1563274572701396
1973,0.8072095751551213
1974,0.8142137199876162
1975,2.9038540806888005
1976,0.984503428174639
1977,0.602229176077423
1978,0.6947079388275007
1979,1.1351279377615378
1980,0.6755062871702153
1981,0.08013153262877945
1982,0.12197181700765128
1983,0.449765065192821
1984,0.31344382650359687
1985,0.16607909900302636
1986,0.5011621916205905
1987,1.3079073596270996
1988,0.20809771547126873
1989,0.23281720497537722
1990,0.4814070053674997
1991,0.07334356714846571
1992,0.14246425171090335
1993,1.1298341320801963
1994,0.13832726806244716
1995,0.29854760803533853
1996,0.1249169401945049
1997,0.21636547883410057
1998,0.7012233649655045
1999,0.16699130282092103
2000,0.19659647300252953
2001,0.691818195219992
2002,0.6167812128300227
2003,0.31589001826692015
2004,0.6028888111594967
2005,0.7497311627970834
2006,0.314063455315772
2007,0.4894383483444279
2008,0.7720178744505155
2009,0.1975074963788324
2010,0.23541495627167694
2011,0.9398978002297488
2012,0.25437952986722573
2013,0.4315761722537177
2014,0.1698777681604839
2015,0.5035064417698591
2016,0.8478431136439682
2017,0.2956721389212035
2018,0.3405207425770164
2019,0.7239440085475053
2020,0.7448756790639737
2021,0.35110802151118253
2022,0.6667355696331749
2023,0.7047090126991266
2024,0.4268296711176996
2025,0.5216053123716088
2026,0.670987965353048
2027,0.36935882587971774
2028,0.44419675342646736
2029,1.1265754634867913
2030,0.34700891993281885
2031,0.49537477693450355
2032,0.263394084691074
2033,0.6744943856063229
2034,1.6485129927894513
2035,0.4266693415204388
2036,0.5512825959584853
2037,1.8682785619593612
2038,1.7901266078346099
2039,0.6936206649397872
2040,1.7212487298075503
2041,1.9719344015679343
2042,0.998127681250382
2043,1.578390956383441
2044,1.4376100049660163
2045,0.7906962960186907
2046,0.708963503464981
2047,1.9839346265028381
2048,0.7624370439936298
2049,0.5335569443327622
2050,0.6335970873690923
2051,1.1315126812729166
2052,1.0394754661708991
2053,0.5354034593058316
2054,0.46352968287038543
2055,1.2005961644051744
2056,1.4060904285600735
2057,0.8587183578667738
2058,1.2193600341409045
2059,1.3540635106066432
2060,0.9200579581534283
2061,1.1272015462930716
2062,0.9301189483870669
2063,0.8453574640401966
2064,0.483433651763768
2065,1.4452256300346848
2066,0.7880198514175232
2067,0.6300432450410139
2068,0.7770119852964212
2069,1.0944901021786295
2070,1.5183050565537886
2071,0.4379403523485797
2072,0.3855821138415829
2073,1.4949667143759031
2074,1.4210674098566363
2075,0.7423342624047584
2076,1.3561728673108215
2077,1.88047406973121
2078,0.9936640480698614
2079,1.5039957260183445
2080,1.4277378476740656
2081,0.7317733984589141
2082,0.48194012607844045
2083,1.84986849666728
2084,0.7775899416447062
2085,0.6610365443572256
2086,0.6422913046451155
2087,1.1680214849126573
2088,1.1409443998496174
2089,0.24104945760743837
2090,0.32468338829737853
2091,1.1493060155148611
2092,1.1606488764584528
2093,0.4461564967562004
2094,1.161397169473679
2095,1.6752392141681751
2096,0.651096949697329
2097,0.8428689735133492
2098,0.7657517777415349
2099,0.39786467407110293
2100,0.4715204157597981
2101,1.9158886642502888
2102,0.4483199262191645
2103,0.35290103349507007
2104,0.4734741226830551
2105,0.5311526038138219
2106,0.5578014984664506
2107,0.028150436192331384
2108,0.07627678257218275
2109,0.3511648273832213
2110,0.39048989725714717
2111,0.03424322605459709
2112,0.439167357487329
2113,1.364409074248958
2114,0.23649151268899105
2115,0.1395165887371114
2116,0.4865381858378612
2117,0.04642894284680279
2118,0.08770968877307522
2119,1.4926577272209318
2120,0.13318702867400697
2121,0.15521370348890146
2122,0.09930453007578777
2123,0.2660298453300852
2124,0.8235943189939183
2125,0.6025291361160223
2126,0.5779439564769435
2127,1.011910434072965
2128,0.981538699401945
2129,0.5245001856601496
2130,0.617764567181847
2131,0.9226806405832695
2132,0.6146642103621283
2133,0.8128866757263264
2134,0.786118653155892
2135,0.4680245598762025
2136,0.5015546359331314
2137,1.1874724852680234
2138,0.5179552055021717
2139,0.7496406720009264
2140,0.6385888973342547
2141,0.886073636149113
2142,0.9153870975284136
2143,0.1336595282673281
2144,0.11011163621858341
2145,0.44885992290620835
2146,0.3745117995331584
2147,0.11313341918418474
2148,0.4437493904546121
2149,1.6362416494239715
2150,0.36552623377117627
2151,0.2935778917166261
2152,0.373982819670461
2153,0.05991554218483489
2154,0.1949807465790045
2155,1.4929444710987898
2156,0.2403825376290354
2157,0.19623886751921651
2158,0.22891778049760292
2159,0.3357899524968797
2160,0.5738356799532583
2161,0.16079449396722745
2162,0.18196548520225594
2163,0.4112414409680563
2164,0.5684280545296951
2165,0.10721406190559996
2166,0.5343797048738259
2167,0.7386005969782228
2168,0.2617759890568468
2169,0.28071013618246077
2170,0.4679102816523381
2171,0.11341805637042342
2172,0.2632806868492432
2173,0.7747374197748257
2174,0.14733868852191642
2175,0.3991915012132131
2176,0.21827994136556458
2177,0.21032089307981494
2178,1.1360878703704527
2179,0.20424998089861499
2180,0.21521658378828
2181,0.6527722846300603
2182,0.48228789286072016
2183,0.38826957614530166
2184,0.9832709351832357
2185,1.4180296567832384
2186,0.5764961531659506
2187,0.5321470411238537
2188,0.6008505283593392
2189,0.19429418747090751
2190,0.3765843682946191
2191,1.5961271533567467
2192,0.38064124031586705
2193,0.35858261338368197
2194,0.2371626390952643
2195,0.31830701278189366
2196,0.656245235002449
2197,0.07111852317656965
2198,0.11111748759393994
2199,0.3026552980975876
2200,0.508836845102592
2201,0.06320461720522705
2202,0.37887370473595466
2203,1.1891437056113923
2204,0.1880053509976112
2205,0.2577634002432327
2206,0.36874568808595104
2207,0.09233935570910795
2208,0.2480994657122307
2209,1.2532863388090814
2210,0.11670736248765035
2211,0.20322875133077906
2212,0.17888848016672668
2213,0.3608689306854308
2214,1.4835027290222647
2215,0.233984379914848
2216,0.2936521389903229
2217,1.7554530130027712
2218,1.4513576445945344
2219,0.685048645987262
2220,1.3393391640434416
2221,1.7967289505002315
2222,0.8025890176054323
2223,1.1357452606449117
2224,1.4046758168489357
2225,0.5446888663278806
2226,0.4078678331624892
2227,2.2992502507069554
2228,0.6214670265794766
2229,0.36826770384915297
2230,0.5325109587476974
2231,1.0691093523891504
2232,0.567305877913063
2233,0.12078246174547339
2234,0.2139481314467468
2235,0.4628120285636028
2236,0.449155535767887
2237,0.11930012730258549
2238,0.5267564248347756
2239,0.8054641073586294
2240,0.3221726751968575
2241,0.33676085818247903
2242,0.5667820176927706
2243,0.1514170429307881
2244,0.29033406715754995
2245,1.1126779808049168
2246,0.1337903611331349
2247,0.40766416504646885
2248,0.18113966795204198
2249,0.25206211611426627
2250,1.1252952773598952
2251,0.18347624910332044
2252,0.21206368790799549
2253,1.1557346105716364
2254,0.9122455132252308
2255,0.43421551746648884
2256,1.098945742982304
2257,1.4687983211407767
2258,0.5512502529377632
2259,0.6608600298849776
2260,0.6948671240406307
2261,0.3380922627250148
2262,0.394479616882075
2263,1.6492957165659157
2264,0.4825742346412177
2265,0.32549821601152307
2266,0.36031134335404297
2267,0.664842531860323
2268,0.9198667172051849
2269,0.24452419431871533
2270,0.4034105625020923
2271,0.8251899673834286
2272,0.7570107965134839
2273,0.3509421726962013
2274,0.778904971611402
2275,1.0705119677237933
2276,0.5554203648274911
2277,0.6290368739748131
2278,0.9267812645148943
2279,0.3863995653990571
2280,0.38335751879407337
2281,1.3295731764466687
2282,0.4619789943730618
2283,0.543728656370046
2284,0.2706630086226433
2285,0.5664948484171164
2286,-0.030443480778030066
2287,-0.24438071507740777
2288,-0.21313429917658377
2289,0.1819052784652115
2290,0.0731002880551389
2291,-0.29926727325272207
2292,-0.29460976646658116
2293,0.363108228074637
2294,-0.19587274518928935
2295,-0.16728921959223078
2296,-0.11562551727572597
2297,-0.3247877955369761
2298,-0.2628041740075451
2299,0.3880255822012554
2300,-0.26276247458132523
2301,-0.09772672903160584
2302,-0.2842198490466122
2303,-0.11803188059703576
2304,0.4228995439559328
2305,-0.06280620524835735
2306,-0.008670698148302982
2307,0.18441831481738818
2308,0.19761711285393863
2309,-0.06812585799388352
2310,0.48557864503726095
2311,1.045185486959308
2312,-0.02524331390291182
2313,0.034322365102541705
2314,0.5109900887819218
2315,-0.07218749499556823
2316,-0.006517747835826544
2317,1.312897316535989
2318,-0.024127481998263776
2319,0.047799701592050506
2320,-0.00583628432305564
2321,0.046424876196907015
2322,0.398990633253625
2323,-0.01894427618658667
2324,-0.02882688027542643
2325,0.23022744588430075
2326,0.3435058279088969
2327,-0.08819199683958921
2328,0.5128302977536106
2329,0.8706252466239663
2330,-0.004563671243930157
2331,0.13596838169673683
2332,0.2486581330040538
2333,-0.04453504174986563
2334,0.19865542520771315
2335,0.8948085205121603
2336,0.017666416115443638
2337,-0.023593225680767695
2338,0.04746014923711619
2339,0.09717219957792841
2340,0.3483539029599888
2341,0.02269360913613314
2342,0.07520143452954138
2343,0.26994605432736574
2344,0.41335547754593877
2345,0.07508733175823736
2346,0.22832695003869563
2347,0.6275823516551169
2348,0.20538866173177261
2349,0.1637284474386797
2350,0.554439134651217
2351,0.043896101867803065
2352,0.07940320285324026
2353,1.1070127918888304
2354,0.07736519937252857
2355,0.2128714538797042
2356,0.0027140198414491654
2357,0.2329650530971605
2358,0.2669842234548588
2359,-0.006300939891000492
2360,0.039376027696059086
2361,0.29616664111850227
2362,0.14432334423293436
2363,0.06075693691752658
2364,0.18688501468340651
2365,0.7692695043679247
2366,0.08823189399914519
2367,-0.0031472288538436782
2368,0.3903169545359998
2369,0.005240083517344694
2370,0.01572003549675483
2371,1.1004188789414733
2372,0.020818599901289196
2373,0.113902136837013
2374,-0.011406395690574268
2375,0.05079075465555782
2376,2.0776463105908958
2377,0.3789386398882947
2378,0.4039048282536489
2379,2.1801922821955535
2380,1.111650962264641
2381,0.6637177156798898
2382,3.0090417583271063
2383,2.4031447880327192
2384,0.7931639046690666
2385,1.0456529129841916
2386,1.6561427965147537
2387,0.7155986707614703
2388,0.5474850790900802
2389,2.842702044643074
2390,0.7655344426631978
2391,0.3687494831024256
2392,0.46645438740106626
2393,1.006785770035984
2394,0.6040096856404795
2395,-0.021715472249494595
2396,0.032849764014988736
2397,0.655198448786701
2398,0.2476961936645143
2399,0.009057884168386703
2400,0.4343537655420445
2401,0.9749503592944815
2402,-0.008425265180932987
2403,0.027414313149395818
2404,0.38338677342392824
2405,-0.04198772532199948
2406,0.09046333446575672
2407,1.0078908463914735
2408,-0.010342483670820324
2409,0.011634992816250352
2410,-0.012598736541406693
2411,0.1693185774751968
2412,0.6195024113542826
2413,0.08535992847017232
2414,0.13518770602209118
2415,0.5062379877155232
2416,0.4643621596445497
2417,0.20029481417029502
2418,0.7192395024776471
2419,0.7409399226214399
2420,0.22765291625731118
2421,0.2507072859640817
2422,0.8131243965103803
2423,0.11137989742378403
2424,0.2298936287906201
2425,1.147542116093806
2426,0.1215267023784441
2427,0.25435448957467444
2428,0.09873293005601819
2429,0.35008299540885035
2430,-0.0648420789432528
2431,-0.1208080261902818
2432,-0.17696005919662502
2433,-0.06742859029436273
2434,-0.08130581933815308
2435,-0.17385194503576534
2436,-0.08698154191970824
2437,0.3359999348788904
2438,-0.16418519171825974
2439,-0.29908565166799866
2440,-0.10971249230691675
2441,-0.2532330341046548
2442,-0.15191771912440952
2443,0.47337191678174395
2444,-0.2248251584396369
2445,-0.08228512863975554
2446,-0.2045965727423359
2447,-0.14188374908895918
2448,0.14520903426414347
2449,-0.08498523364775394
2450,-0.08938844623361057
2451,0.00843587845488087
2452,0.07086587427359785
2453,-0.10913574490644887
2454,0.09201577259083586
2455,0.43791544729484555
2456,-0.09745152416186481
2457,-0.09021718188191309
2458,0.16732481377178435
2459,-0.17949961450242066
2460,-0.145153364571306
2461,0.7373522310969014
2462,-0.1606297167784545
2463,-0.0017599605398784437
2464,-0.09890790466508215
2465,-0.16455660602943437
2466,1.0103833735933938
2467,0.23630234445917642
2468,0.3774188601671303
2469,0.82058073462238
2470,0.8958336802132788
2471,0.20889456094238332
2472,0.791058844296344
2473,1.7316729905163075
2474,0.46914327349681695
2475,0.5139917271378338
2476,0.9671744491231453
2477,0.3009340362622474
2478,0.3767703440823444
2479,1.8171781887325307
2480,0.3315316844199182
2481,0.43412687290498875
2482,0.3202045893668946
2483,0.5384184018674808
2484,1.073222297309356
2485,0.2313903388566698
2486,0.2739248664744701
2487,0.5790145654437038
2488,0.5101071394077823
2489,0.23486026489097173
2490,0.2545078266026043
2491,0.8702797441618051
2492,0.32665743592435637
2493,0.23721837722444458
2494,0.44281692694365304
2495,0.1744828553007984
2496,0.3692308630990064
2497,1.261002285094498
2498,0.21087713443756942
2499,0.3791965146494136
2500,0.15721219616343932
2501,0.275815931236468
2502,1.1465334755859322
2503,0.19362955633586898
2504,0.1997835538068497
2505,0.45409645600371873
2506,0.40897811250980654
2507,0.22945826492296656
2508,0.5360372136237499
2509,1.1419930174107744
2510,0.3506545445634704
2511,0.24441218585988086
2512,0.4828195673131105
2513,0.1734539534513432
2514,0.20338441241318106
2515,1.4867141994706168
2516,0.2987713327667143
2517,0.3884364794723238
2518,0.12122457532149797
2519,0.25723386416084637
2520,1.3240605420353484
2521,0.2990705188920251
2522,0.3484779110160565
2523,1.5504247154235424
2524,1.0872087802200274
2525,0.3976646290708543
2526,1.4060076388837617
2527,1.770694866507806
2528,0.5852850144984367
2529,1.112808242826237
2530,1.4033885631223835
2531,0.41539130497457977
2532,0.3816282700002086
2533,2.0483597318100215
2534,0.4738651407338923
2535,0.5421901788076898
2536,0.2541358684619941
2537,0.7651947214672484
2538,1.530310645999924
2539,0.1597492125055388
2540,0.18961326331616798
2541,1.3974393998059311
2542,1.0927462649108766
2543,0.3868335207590026
2544,1.614040387676198
2545,2.005446620893953
2546,0.6391242517120744
2547,1.0093650391398752
2548,0.9545344497967352
2549,0.38308753858051525
2550,0.4446388753372835
2551,1.8235015177542764
2552,0.49202583514347575
2553,0.29375619052572743
2554,0.44363720112589783
2555,0.6642570565386988
2556,0.3360259231618303
2557,0.012846726271144618
2558,-0.007240154054002778
2559,0.08117647911547737
2560,0.17915124135086472
2561,0.004110599906890833
2562,0.24582824747430257
2563,0.8397301088909372
2564,0.14438093207106947
2565,0.07295287217544427
2566,0.2050844097908246
2567,-0.041749629643766016
2568,0.00886648041634953
2569,1.0971309346458302
2570,0.01129961634063638
2571,0.10074245353003647
2572,-0.0693496764192116
2573,-0.035109095861700364
2574,0.39946590547381666
2575,-0.0428923544992578
2576,-0.022335797388731676
2577,0.2847692325024745
2578,0.18770692457465413
2579,-0.006388840025018422
2580,0.48355985160788184
2581,0.9183810434418616
2582,0.049756033803705614
2583,0.0032784817569917694
2584,0.49766432322529985
2585,-0.08578935651189437
2586,0.030467874867164894
2587,1.3935096556776594
2588,-0.04689507535392629
2589,0.008804840614806544
2590,-0.0614056954699754
2591,0.02876128901084313
2592,0.3634668348051334
2593,-0.09483998596270331
2594,0.017340908484969157
2595,0.16898683917266127
2596,0.13512785543076364
2597,-0.031960618394185104
2598,0.41897732968864837
2599,0.8990714281016436
2600,0.014559172242530727
2601,-0.023244988028350844
2602,0.5549735834485652
2603,-0.10200164807796741
2604,-0.06463021254776083
2605,1.385436299488862
2606,-0.08642313169402294
2607,0.03461273396808294
2608,-0.04569226156436278
2609,0.05031718526125558
2610,0.42698079471024203
2611,0.006399187022840341
2612,0.06397291533805868
2613,0.1873280640149303
2614,0.15924052041814538
2615,-0.013512243283253627
2616,0.4068212138796736
2617,0.7455574831067935
2618,0.07770830199429457
2619,0.05643412523687716
2620,0.5656244161604658
2621,-0.058242781247498286
2622,0.03148798861622438
2623,1.099426949008199
2624,-0.04162810155036357
2625,0.1273099729072952
2626,-0.010972036670671884
2627,0.12072649216190656
2628,0.5560164019327261
2629,-0.03859923842231723
2630,0.0990195261970663
2631,0.06401953957001924
2632,0.2695979317569072
2633,0.018142137630828375
2634,0.21276893083379506
2635,1.0976241122993848
2636,0.23296975187442354
2637,0.1105542004295505
2638,0.47110772124751293
2639,-0.008173786437365336
2640,0.08333615752210327
2641,1.428468303394102
2642,0.07572143810946652
2643,0.1714517508042714
2644,0.041547512053423594
2645,0.27444798650553914
2646,0.40948450883813287
2647,0.04270057622990909
2648,0.060361785260403256
2649,0.4199901983876782
2650,0.32143902779565986
2651,0.09397714835492779
2652,0.559999450544604
2653,0.8532692185659736
2654,0.2247735765316656
2655,0.030652512033493645
2656,0.6635123514915225
2657,0.013639612720968756
2658,0.11230338039141097
2659,1.6828681853236827
2660,0.06985624089987136
2661,0.13128434716410814
2662,0.09156209086157974
2663,0.1988535880157974
2664,0.32166349666015326
2665,0.04685233654590141
2666,0.10422076438672831
2667,0.15196911901855198
2668,0.24074091279946003
2669,0.05458778941629081
2670,0.32639232313423594
2671,0.654929436051152
2672,0.12730206439453176
2673,0.18755691504358268
2674,0.4081441928109327
2675,-0.011462094839074703
2676,-0.0008336091392004629
2677,1.1662681582746124
2678,0.04284961569123292
2679,0.19309071386804216
2680,-0.006372079308930535
2681,0.15955977260169774
2682,0.20491724249155302
2683,-0.1667254433893264
2684,-0.19051274921432873
2685,0.16380410863320688
2686,0.13031224042835288
2687,-0.11583948925703681
2688,0.0615243192171655
2689,0.7186401960410063
2690,-0.10497729571331942
2691,-0.020420534013648226
2692,0.2595112152042108
2693,-0.20808586884108884
2694,-0.15044170082319028
2695,0.6963832458931289
2696,-0.20648901582836743
2697,-0.008302546506380766
2698,-0.1767120214978864
2699,-0.14749999807422337
2700,0.17664004907720784
2701,0.0013032678772308553
2702,0.05748568921428436
2703,0.003701505295521027
2704,0.14811801638804065
2705,-0.044745358298917216
2706,0.09019782202927733
2707,0.5408821003765079
2708,0.09006037402140732
2709,-0.04733173060298697
2710,0.15520314853165454
2711,-0.07222304643738778
2712,-0.06707561394487382
2713,0.7461234638025733
2714,-0.02956344653078522
2715,0.1361355887908856
2716,-0.006021815554289661
2717,0.00842317379926525
2718,0.15133186847173843
2719,-0.1412337595994607
2720,-0.1733529797689585
2721,0.0898576052785008
2722,0.04593144127273886
2723,-0.1306408047750325
2724,0.35963472497003546
2725,0.5329425671192659
2726,-0.08006065590402682
2727,-0.10575381884100367
2728,0.0754261275662279
2729,-0.17406378117697532
2730,-0.0034266414554435846
2731,0.7306527610303608
2732,-0.15512215889877704
2733,-0.07353591066840784
2734,-0.1656655514201836
2735,0.012195556187494051
2736,3.476248807662284
2737,0.8088324282332864
2738,0.742207597071489
2739,3.3706992121911226
2740,1.548541406230342
2741,0.5849241101182773
2742,1.9052582142275416
2743,3.64548146667122
2744,0.9385957580961871
2745,0.6374059866348429
2746,2.5979260038639813
2747,0.987468339177692
2748,1.2527403786337277
2749,3.07386465658352
2750,0.9284513818923663
2751,0.8599090222807334
2752,0.7935952526815767
2753,1.2491952156931445
2754,0.9768961106075642
2755,0.012062885704575546
2756,0.08690517259013555
2757,1.1959247573806466
2758,0.8424455087127656
2759,0.1826269081323248
2760,0.467692013486438
2761,0.8636985365736403
2762,-0.03414568559765711
2763,0.8433248789929164
2764,0.5873284094001698
2765,-0.12816475125370821
2766,0.07760189622828575
2767,1.2197061711959696
2768,0.11070868610825668
2769,0.29413415501279233
2770,-0.060206876511252914
2771,0.40967783914442074
2772,-0.08934462178409426
2773,-0.2525902524445598
2774,-0.24119004715254516
2775,-0.09973929153722921
2776,-0.3347335775979139
2777,-0.32415469544213926
2778,-0.22136415795317527
2779,0.21808163807018988
2780,-0.3311244419511348
2781,-0.3994468732623559
2782,-0.20483731294113974
2783,-0.35789912774306193
2784,-0.2262612077602315
2785,0.24997801043394488
2786,-0.31235394807289923
2787,-0.15280837974627834
2788,-0.3200845841535218
2789,-0.3468394967984833
2790,-0.081610271432564
2791,-0.1070910741185046
2792,-0.006828210209111549
2793,-0.09069898231451602
2794,-0.1343917125096257
2795,-0.1776176226137144
2796,-0.18950795477963447
2797,0.2562042463117959
2798,-0.16453887418273144
2799,-0.08960594659952467
2800,-0.1644759796841718
2801,-0.21164970085396295
2802,-0.16347416747445162
2803,0.38746064855059525
2804,-0.16922192491295265
2805,0.012297778628985956
2806,-0.18705933347887288
2807,-0.11709857899083662
2808,1.1902501778752035
2809,0.47603765536478315
2810,0.5427860125161342
2811,1.609660123117516
2812,1.7571274375319141
2813,0.8580820209236825
2814,1.3423549047689838
2815,1.4610712539748478
2816,1.0327876973920447
2817,1.0655346571417659
2818,1.1136885376341765
2819,0.7489868145035293
2820,0.7388102621057876
2821,1.6892153891797888
2822,0.8025752696958276
2823,0.6194878701716289
2824,0.6755492353958523
2825,0.9582403467220054
2826,1.149456430969694
2827,0.3620761217915482
2828,0.4210582686546034
2829,1.3730849161639676
2830,1.314926699553912
2831,0.7870389837244475
2832,1.5030122793363059
2833,1.4847133288585728
2834,0.9497032830248863
2835,0.967393541758101
2836,1.3884433046787463
2837,0.6610308835075436
2838,0.461308547686242
2839,1.850796764862
2840,0.7264250837827452
2841,0.587062297602051
2842,0.5520033104375137
2843,0.910007789413242
2844,0.6417816724767084
2845,0.2638377794805678
2846,0.1913591345509786
2847,0.6289747939724664
2848,0.7624371563683219
2849,0.2662984181747594
2850,0.5046074378569247
2851,0.9088277546153329
2852,0.36789352719106627
2853,0.30126035037676374
2854,0.5196596574933416
2855,0.18190441711064
2856,0.36010138970779965
2857,1.1984209223014162
2858,0.20328629976585866
2859,0.41346263172673703
2860,0.2509928260982203
2861,0.4036293283339201
2862,1.2279860065382673
2863,-0.5308485441994173
2864,-0.13342143573727921
2865,0.5384917284202806
2866,0.07239026836929902
2867,-0.5823543914383729
2868,0.012956064315690005
2869,1.3551858010639233
2870,-0.6133446842202657
2871,0.9761857048911575
2872,0.5913980224129927
2873,-0.7238311559189403
2874,-0.7898717354311628
2875,2.1134913815107517
2876,-0.650151096821487
2877,-0.26846396926743865
2878,-0.6709618189190563
2879,-0.48997244496459463
2880,-0.09327793932982481
2881,-0.09618292079670387
2882,-0.015572194885166781
2883,-0.06977053260536384
2884,0.38049276898115914
2885,-0.057139429923902474
2886,-0.056893203734982974
2887,0.3610500722086379
2888,-0.015537436990175546
2889,-0.02436863215810342
2890,-0.12831354260111902
2891,-0.1363402358059125
2892,0.32565164959248566
2893,0.557753125808071
2894,-0.10334302973956201
2895,0.044421049751319414
2896,-0.07041955404545948
2897,-0.02553228335637258
2898,0.4820382408504611
2899,0.13514480909313897
2900,0.37783145526231116
2901,0.4663262222855647
2902,0.9523389882434719
2903,0.28346194602302205
2904,0.4405579919572973
2905,0.627506390564957
2906,0.3394635821262684
2907,0.2899077606312306
2908,0.28414937188384787
2909,0.19617853615444222
2910,0.86246858201568
2911,0.8758918509606783
2912,0.14430533992228478
2913,0.4121036380839454
2914,0.23257363646697268
2915,0.30809401538614484
2916,0.7576141046222407
2917,0.20398651132329873
2918,0.24270955286947365
2919,0.5276373850737837
2920,0.5358449006474755
2921,0.1765337901978704
2922,0.5980307924934285
2923,1.0577590600227564
2924,0.21475045647663543
2925,0.3514620707720745
2926,0.8170312025170674
2927,0.13500888934923874
2928,0.24549220857024406
2929,1.3450626591387798
2930,0.16889117711796198
2931,0.27955103392793745
2932,0.22991128701917912
2933,0.3381695465102028
2934,0.7084075855551973
2935,0.2947642443202492
2936,0.3810359936722125
2937,0.8431404075395394
2938,0.6884143732629864
2939,0.39571956881610737
2940,0.7634101037883596
2941,0.7355016634727549
2942,0.5257716256946295
2943,0.6712458470617241
2944,1.0100100024764636
2945,0.3791799851310649
2946,0.4023453975190708
2947,1.1756183799343165
2948,0.42493013765095555
2949,0.543721838576735
2950,0.23446036396594938
2951,0.5603100613644063
2952,0.06832890317703567
2953,0.12118253708768086
2954,0.09081277672429341
2955,0.26994595044452885
2956,0.18160507921801064
2957,0.06846485856657576
2958,-0.21939522013573487
2959,0.43039467503210727
2960,0.11107107249520215
2961,0.13747355488467403
2962,-0.22260647537783196
2963,0.026058396209460863
2964,0.08245762414085765
2965,0.373092759753389
2966,0.2044947686514865
2967,0.27640501231786396
2968,0.08397051062931718
2969,0.13187677932917402
2970,0.6333502408169853
2971,0.059411720854471835
2972,-0.024587749791207883
2973,0.20893563308598928
2974,0.14308507495110753
2975,0.017588670608050673
2976,0.3224100279073403
2977,0.8501393807281326
2978,0.13293425125564226
2979,0.1226451795855705
2980,0.26285703982831526
2981,-0.02683833937742785
2982,0.031167623422329906
2983,0.686193441119576
2984,0.056132117483337
2985,0.12375489969697391
2986,-0.014649761894121054
2987,0.09827038752551012
2988,1.4205569093651382
2989,0.23357876219345516
2990,0.17343713424894322
2991,1.3501251030058405
2992,1.0287551332794325
2993,0.41697717002671153
2994,1.3896516044580411
2995,1.8475557415737989
2996,0.5129566710013607
2997,0.9291932209520225
2998,0.9572412060467113
2999,0.4032444995780937
3000,0.39988413988309
3001,1.8349593414546195
3002,0.45722719398299044
3003,0.31662442026768606
3004,0.41518096132774107
3005,0.879866505787132
3006,0.5458286622071908
3007,0.37481461372505376
3008,0.4453708565039069
3009,0.6793689115296129
3010,0.5887598846979094
3011,0.4439957097207281
3012,0.8389885390859364
3013,1.1547415639909577
3014,0.4175467319594365
3015,0.6211322349212622
3016,0.9479859204184582
3017,0.4119427581929229
3018,0.41421623149290887
3019,1.2582611093785006
3020,0.48962613868221666
3021,0.5190802723169097
3022,0.44705658127845266
3023,0.6430466136829303
3024,1.4003761674215396
3025,0.44989016158260775
3026,0.3676323436899067
3027,1.5625409245148938
3028,1.470344664182917
3029,0.7479122898497328
3030,1.8445296681406655
3031,1.6169175532612483
3032,0.6850962042854578
3033,1.5574435913922975
3034,1.2714691221873424
3035,0.6976052329703848
3036,0.49733843401745126
3037,1.9211339558868463
3038,0.6993901797709099
3039,0.48807437136762155
3040,0.6451276120952477
3041,1.3241090587722875
3042,0.22684592513905985
3043,-0.1068509356790643
3044,-0.09736153552931975
3045,0.09183180908250675
3046,0.09332517425636452
3047,-0.11664028153256094
3048,0.18253667086441483
3049,0.5368806434448097
3050,-0.03640408951180606
3051,-0.17143620004735477
3052,0.3774191312769652
3053,-0.15069049472736373
3054,-0.031116013556996905
3055,0.9411293106252354
3056,-0.15764605569304035
3057,-0.035883721798856114
3058,-0.18259945934104993
3059,-0.017739361372325173
