0,0.7923951698539308
1,-0.1345759964630095
2,0.11322895399459709
3,2.794183197026777
4,3.0670109345626577
5,0.6904679159901895
6,1.1921955953925327
7,2.421483985028443
8,0.48554640884908534
9,1.349864068344836
10,1.3443276982218177
11,0.37786377122572834
12,0.6899235257710994
13,2.83497291616159
14,0.45543777125047175
15,0.6737072693316626
16,0.21965851135892206
17,0.5256706947493716
18,0.7436289776828751
19,0.31699996387213947
20,0.37412412968139147
21,1.139803747566987
22,0.7614088606968813
23,0.7797097665453471
24,0.9552291245840564
25,1.8633999836600301
26,0.6127156873984605
27,0.21988412759537163
28,0.8853902425397825
29,0.2654701490661337
30,0.2562215460872025
31,2.253104528469398
32,0.5818963521607362
33,0.2516146420978798
34,0.6102937207506024
35,0.977563120428736
36,0.5586719310137643
37,0.30269910802246003
38,0.5697104270513161
39,0.40264138015788675
40,0.3384804879796097
41,0.3069314825003885
42,0.32463796940863493
43,1.062096386673842
44,0.6379696883130646
45,0.4505777235810856
46,0.4828972432179457
47,0.29084654396153214
48,0.38111746978310235
49,1.136017707839737
50,0.24535567306572942
51,0.09394553821160401
52,0.3424965681670527
53,0.5361548740290962
54,0.7208231484162764
55,0.29118115725124316
56,0.42593221009874294
57,0.8143310639334913
58,0.9301209977190965
59,0.5660932706500439
60,1.1662734801235326
61,1.2324176618158513
62,0.6700297741533715
63,0.9393512298076427
64,0.7714144822543387
65,0.412286251995364
66,0.5309841013666202
67,1.2433674948805777
68,0.5669757127136918
69,0.6119514807985715
70,0.25719303866918974
71,0.8586000593838673
72,0.30175898048633737
73,0.362308649040491
74,0.2834923220804162
75,0.35189126513977076
76,0.30968295089586534
77,0.7082029907528111
78,0.5178710952562807
79,0.3987695599158997
80,0.058806244995931276
81,0.36168788243734784
82,0.6485276854129942
83,0.14935153023539002
84,0.3374040505172129
85,0.8539472946996669
86,0.5122976747678842
87,0.35796776686330806
88,0.2581056377360932
89,0.46344286705116194
90,0.09080696602185823
91,-0.06032697810261176
92,-0.03705114905711136
93,0.29729904861310535
94,-0.09186841408828329
95,0.29581791765434673
96,0.566113492345507
97,1.2415331518976038
98,0.0002503986985497044
99,0.037371322018204485
100,0.4382288273126719
101,0.02546819487220766
102,-0.07203634948454708
103,0.8524735943540577
104,0.08411682141034743
105,0.24819448119087073
106,-0.067657801496375
107,0.1439862801163354
108,1.0172350752639208
109,0.3077375850638543
110,0.7626861928061622
111,0.7399661338395687
112,0.8971229935301565
113,0.2551375719431695
114,0.7117642902615163
115,1.0312922736008865
116,0.5872522994249442
117,0.6218507090593502
118,1.1670043197030833
119,0.3497055999217908
120,0.7061375506457582
121,1.5729084610331519
122,0.49756047458300245
123,0.7656908151833625
124,0.5163576604341481
125,0.5407817553577831
126,0.5606809901400454
127,0.6350976570173911
128,0.21322248159237472
129,0.6913490498658673
130,0.6678797427643618
131,0.9039976831438475
132,1.1298706468518063
133,0.8942626335226714
134,0.5195970452164154
135,0.36821757900117547
136,0.5375199217021933
137,0.595876412250011
138,0.35240464291011253
139,1.294221123552285
140,0.7507977569283052
141,0.6209304289813894
142,0.25625926407191035
143,0.6870774562572112
144,0.530578996360426
145,0.24449447951011635
146,0.7719110190641753
147,0.37356088491238365
148,0.30113019140254077
149,0.4121624011514725
150,0.36264488288215047
151,0.7605224616910873
152,0.48032831669239656
153,0.46992136568004633
154,0.6726611250925255
155,0.09812557629782548
156,0.6619856510793591
157,1.601315686181792
158,0.3514475636310951
159,0.21552075353205588
160,0.2626393270462673
161,0.4380226983987513
162,0.02016353848921589
163,-0.1764097726370128
164,0.00616152372026512
165,1.330489010768067
166,1.6095572258019732
167,0.794948304151971
168,0.3656676407029364
169,0.939193318619336
170,0.5607744291647544
171,0.704325665745742
172,0.23290367877118223
173,0.6484099340730662
174,0.5500737113794555
175,1.3370986491616248
176,0.7560257328302925
177,1.072193649902186
178,0.40277003635144615
179,0.332940114921032
180,0.7989622457508201
181,0.42251434153512724
182,0.5499842584700096
183,1.1322637640225506
184,1.1799473451134397
185,0.6055816874128471
186,1.0990482475659482
187,1.1969752783704217
188,0.9130708809727159
189,0.9062915218364583
190,1.3271414339408139
191,0.7046337983436437
192,0.5867135495972016
193,1.6040198196674362
194,0.9752927772975348
195,0.9252885957731485
196,0.4311024964672861
197,0.823750414648556
198,0.12592701818176036
199,0.12073178396105284
200,-0.5705808698937637
201,0.7651840623589183
202,0.73693468708207
203,-0.4737012745558058
204,-0.1366820932465114
205,0.6939017243752594
206,-0.16838830507743038
207,-0.33979756117073445
208,0.4732206953139974
209,-0.17986157621927323
210,-0.004164673852252727
211,1.711753199609844
212,0.13281537707751978
213,0.2574379496371206
214,-0.13423257169466804
215,-0.030920578387349594
216,0.32964889593662744
217,-0.21480242161282517
218,-0.2571510216131802
219,0.2587632385067206
220,-0.07904244650665179
221,-0.09605817367455362
222,0.5490929989452029
223,1.2060624402824385
224,-0.28902280449705536
225,-0.17501121143463264
226,0.2489519601442751
227,-0.05672008443894587
228,-0.2594008685460591
229,1.5177928481915413
230,-0.16552645191136825
231,-0.11511148309481646
232,-0.2503792651345201
233,-0.2112772114195042
234,0.19630359587917115
235,-0.0006188823070210681
236,-0.06972883734211664
237,-0.003559256215560887
238,0.0029417460061022978
239,-0.0001837111293319653
240,0.3327239622683107
241,0.8784499861358016
242,-0.21989174667757438
243,-0.06258597911327468
244,0.35954486035869737
245,-0.002277019916675284
246,-0.3586287912817759
247,0.8395871130640424
248,-0.14146196804061353
249,-0.14401489084917143
250,-0.12918109471261324
251,-0.2407086704202962
252,3.691100035790819
253,-1.0712429058539952
254,0.2758524446379287
255,2.6191719019894912
256,-1.4202126610700618
257,-3.144330331191109
258,0.49576496709820894
259,1.3199523098720922
260,-1.7073199523297482
261,-1.5159425246577591
262,-2.198613776194147
263,-1.8792460385127403
264,-2.1544327314772214
265,1.5321974778593672
266,-1.3799878935698364
267,1.2836935142141503
268,-0.10626937163131675
269,-0.6266550737879196
270,0.7192926769407925
271,0.30677798485519103
272,0.08843818759153853
273,0.6761600225562201
274,0.40663861765683973
275,0.1546887310428624
276,0.787921137603938
277,1.5548064281720169
278,-0.06081616730316628
279,0.3545382692854027
280,1.1134726465986537
281,0.15550097560076373
282,0.1628842999512775
283,1.3955915890527826
284,0.15333321763827387
285,0.09853235219128798
286,0.044533459326079175
287,0.22764760556732605
288,5.519784760465535
289,7.334937306562256
290,6.901263910853865
291,6.536802298883585
292,8.870781618558796
293,8.212380775422648
294,6.213635902293589
295,5.937012744527794
296,5.162639842166001
297,4.648231897346298
298,5.3618407611834655
299,4.563935479927663
300,3.5561508779766555
301,4.945467140982541
302,4.485981456119367
303,6.199515161499226
304,3.724726045714518
305,4.99418621504942
306,3.1318679501616544
307,0.3618679376049212
308,-0.03327936608779074
309,2.4433061822980022
310,1.7809677236767596
311,0.35491721364848017
312,2.7999741773028113
313,3.3141561115096847
314,0.22659167083629886
315,2.015749599209139
316,1.5465984784537274
317,0.6030580843868025
318,0.7822850327617178
319,3.372156309456018
320,1.0177856243609795
321,0.39067445530021644
322,-0.21399229126382252
323,1.4734013200685938
324,2.36765390656577
325,1.2972201143728521
326,0.8673782792757257
327,2.5657020464337053
328,2.9930050769882937
329,2.3697078270842287
330,3.6627736321414566
331,6.074211033640258
332,2.4134294328379857
333,2.085605878677208
334,4.045277503965287
335,1.3614067331676551
336,2.264193808903246
337,5.313355060325551
338,1.6642546289628484
339,1.7548568053501648
340,0.9023372658990806
341,2.8572995660717893
342,2.535220864017134
343,0.11245301743800529
344,0.24463994503834052
345,2.8080913074053306
346,2.3003191905122535
347,0.14878382120929945
348,2.2773508478196454
349,3.3950597796053668
350,0.37522674735877687
351,2.207544689731572
352,2.4348461608886325
353,0.6499554769388822
354,0.7690445689494345
355,5.631743804686161
356,0.7675009323740996
357,0.7956380461848566
358,0.19731377533224012
359,1.7868819423429922
360,1.4462651554005204
361,0.051628917030542655
362,0.09531736433716811
363,1.7523956637462426
364,1.6318396093169627
365,0.06679346820850475
366,1.4342271101974684
367,2.8400229991760795
368,0.17569493067469324
369,1.797691827557894
370,2.53016840128052
371,0.12041953272372999
372,0.4600621921916427
373,3.5903568615145063
374,0.11103955868185558
375,-0.2594547647191645
376,-0.06804328423252895
377,0.980480980523941
378,0.9206218273883898
379,0.44812279103580116
380,0.25443062048642484
381,0.9643863715666559
382,0.6636184485987152
383,0.5063397970923477
384,1.4347199849578518
385,1.3492058040489396
386,0.6446072398759956
387,0.59077350616407
388,1.3028478463067241
389,0.5769167332481874
390,0.6839244090328204
391,1.624230784434823
392,0.7081127474420003
393,0.44964701153631
394,0.30171303714430814
395,1.0195859295638352
396,0.5051621290790608
397,0.5538092724879924
398,0.572747123520583
399,0.3886766053578631
400,0.25287482389456406
401,0.4037330308340955
402,0.7152330850512769
403,0.9411039637535012
404,0.22686815583599973
405,0.2684963894838648
406,1.2832368401591219
407,0.19056951606628295
408,0.4825239365396709
409,0.9561816925291141
410,0.08625602322809395
411,0.3078854203032659
412,0.31281733250510396
413,0.3595205577292506
414,2.119058715768981
415,0.7423272646076159
416,0.8350228543937778
417,2.612266929559216
418,1.812650988969263
419,1.9649545744381947
420,2.0202849828289766
421,3.6790248804241323
422,1.4115163165357554
423,1.8632352621001744
424,2.113073256146854
425,1.413441761104618
426,1.3455051487369072
427,6.680887463094467
428,1.5932505810875872
429,1.5595774411920802
430,1.305962434452558
431,2.3011498032332947
432,1.8102150649892732
433,0.306662868794278
434,0.3049346603569848
435,1.2830992713369496
436,0.9724287914394636
437,0.4270476345429288
438,2.503964880668893
439,2.512635784397972
440,0.6353379627772338
441,1.7478851682780823
442,2.125549464204824
443,1.100516702651959
444,0.668311012743881
445,2.988339362280962
446,1.0067963048419089
447,0.703432715012209
448,0.32958321666654417
449,0.8554413991181117
450,1.91403906755229
451,0.7823238139749729
452,0.1567216975280645
453,1.9088856575171838
454,1.319709470564076
455,1.1859532852989998
456,2.1487156582331806
457,3.2254597761069994
458,0.8565876344405462
459,1.8789933792280151
460,2.1474693785078145
461,0.5584044327430521
462,0.5484613374512437
463,5.326035599494481
464,0.8609639544653741
465,0.6466277262158451
466,0.7284193263213871
467,1.277727727604208
468,1.216823369118671
469,0.09767054347202896
470,0.0460200303680076
471,0.3552556159198231
472,0.5935457095646522
473,0.18971386190893147
474,1.067467107470192
475,1.5981019228750608
476,0.3023950490796868
477,0.4389118851468758
478,1.5759331701559665
479,0.11828773567453524
480,0.4984701819208673
481,2.1452728997357204
482,0.28601723665130013
483,0.5510972366764728
484,0.073048273436031
485,0.33205764026695495
486,1.7237598152730333
487,0.2156524429059447
488,0.028420587265101483
489,1.1635313886937118
490,1.5254903291722404
491,0.2792059006575961
492,2.5429401218574363
493,4.673517372462586
494,0.016917049511468482
495,1.9826633947702486
496,2.7008486880819427
497,0.26761184887985395
498,0.30401756999651797
499,3.6621113511781553
500,0.2437263880544337
501,0.3457461836595143
502,0.2090698698399083
503,1.122383943345546
504,2.384111014527222
505,-0.18117722778632772
506,0.30415465529681696
507,1.5185377562127462
508,1.6171565858342718
509,0.05137145731717671
510,2.1734839985454144
511,3.875512460888469
512,-0.01109099515397994
513,2.2538492927173577
514,2.7564870906576875
515,-0.10650842662920723
516,0.38902217932847916
517,3.379116264227819
518,0.37103077617360036
519,0.34987573493470364
520,0.49703089409506823
521,1.7975187756323363
522,1.0177537200720803
523,0.12928106231710804
524,0.32553253916631575
525,0.6896832618236163
526,0.8559772452609646
527,-0.10856291939891025
528,1.0344005880633842
529,1.9901515661580467
530,-0.10886347466612808
531,0.6204061046503668
532,1.0290458095928392
533,-0.08093527942050828
534,0.1932320161172859
535,2.1682314229190975
536,0.04194679145328686
537,0.23132645884364164
538,0.007681970778555021
539,0.5418094112819362
540,0.5390975027800504
541,0.3209553266588157
542,0.14102873611149752
543,0.06363100142410506
544,0.1411807103116791
545,-0.004530137113507132
546,0.9273039618470683
547,1.579364098453234
548,-0.006341081877097047
549,0.22753458806062973
550,0.821186235613342
551,0.14058521743776942
552,0.3232033524273892
553,1.5514310037244647
554,-0.01663941837018744
555,0.04460475500923094
556,0.15073348260364006
557,0.058831278150853886
558,0.77081173686396
559,0.24640626923649178
560,0.13418700708814868
561,1.1304340916282691
562,0.8336034095142302
563,0.8460926772711276
564,1.0748808336271127
565,1.5708485085107635
566,0.3172893923754863
567,0.4265738333389781
568,0.8753990021023803
569,0.37556783969352525
570,0.4483367689412565
571,2.377483881041246
572,0.61520220638402
573,0.7636524018550814
574,0.4004689293909612
575,1.7219569513885253
576,0.4018815819969039
577,0.3989956876349046
578,0.30504899575582073
579,0.8256939114476196
580,1.0871499332673786
581,0.809224186307312
582,0.9880899720169319
583,2.3520499651776374
584,0.7033993126813004
585,0.6029807228652717
586,1.361606283685999
587,0.5290176742497413
588,0.6365803932961381
589,2.0879349170603203
590,0.7650631177969726
591,0.8194323989234843
592,0.5028617151882816
593,1.1059022100260152
594,1.232009076152479
595,0.1916010010666772
596,0.42432562977407956
597,0.6073405590329393
598,0.7942517502368355
599,0.4591889363395123
600,1.0716715988940633
601,1.0645421417116194
602,0.5525432857187833
603,0.42389436275983167
604,1.0633153028255102
605,0.16774567285160893
606,0.8661344705000003
607,1.4984582934342487
608,0.3942069364337544
609,0.36949860960648745
610,0.3876697625405699
611,1.1930181834148201
612,0.7180768860167234
613,0.07916471024368328
614,-0.17001241629770275
615,0.8609255170300685
616,-0.03197118123955099
617,-0.1402914177644126
618,0.8540001048086457
619,1.6837038544042784
620,0.034553795436326216
621,-0.029948740174834156
622,1.0727361742047548
623,0.1142444057940268
624,-0.08223009976425918
625,1.6238609970440852
626,0.16575298393822097
627,0.23996128868184022
628,0.07310878349831659
629,0.5298166073877023
630,1.3560915509198643
631,0.3156780799522448
632,0.39792625820768257
633,1.1636023029900406
634,0.8968024899653912
635,0.2869690971338523
636,0.663066279649283
637,1.1569273779155826
638,0.2484985746116844
639,0.313359242335822
640,1.9383814179153878
641,-0.012401890668505888
642,0.4994792971938857
643,1.7418299574025338
644,0.1932623206087409
645,0.16001494915806286
646,0.15557245056528207
647,0.8582495662282961
648,0.8155540105372501
649,0.3158130124580506
650,0.08605228772502838
651,0.5291146576765962
652,0.3004853582019491
653,0.276287165733975
654,0.976089885376689
655,1.5742289337257782
656,0.43793007885888086
657,0.2574054021258984
658,1.375200273319075
659,0.39788786975657586
660,0.5018913103941623
661,1.6194437038734257
662,0.2746847267319992
663,0.0762844251538276
664,0.5094797099364782
665,0.2998546773464463
666,2.992020102438808
667,0.27758122944860036
668,0.28104354573489854
669,2.303817278854504
670,1.3314381441411822
671,0.8951825421263249
672,2.565451319503456
673,3.605534238646591
674,0.8205687412830021
675,2.4440629170769896
676,3.3842421753984104
677,0.42856474228010194
678,0.7674614037095917
679,2.7500908387885357
680,0.6421037730671785
681,0.3660942236920699
682,0.5329322444125807
683,1.5906501057457392
684,0.9289633894476176
685,0.15542146474683743
686,0.16634608943250753
687,1.00258875031043
688,0.7641178810221095
689,0.11957979883084535
690,0.9172106724721321
691,2.371493196520761
692,0.30440282571650035
693,0.9601368137542753
694,1.314140193255401
695,0.19187368452330433
696,0.2283308324865279
697,2.735982647782571
698,0.4951880809238095
699,0.08476863457015972
700,0.2227715486978669
701,0.8878352667051476
702,1.3805701185614416
703,0.03902705235476783
704,0.30553853812637005
705,1.4812051467546448
706,1.034338065127375
707,0.271870107101644
708,1.7165390109169352
709,1.1343474883852718
710,0.30337023293051885
711,1.8010127702437868
712,1.7657073841506317
713,0.1872002589129875
714,0.31124761151220254
715,1.0445203923893063
716,0.6626841057961013
717,0.41737597692062056
718,0.24842324257390078
719,1.2940136129633777
720,0.8939097440688137
721,0.280923142865188
722,-0.06737936715444544
723,1.6210969921073723
724,1.3270680276207318
725,0.17674478129791604
726,0.8710615029640466
727,2.4441150029264183
728,0.11573010389207083
729,0.3974800299319491
730,1.2911562060120185
731,-0.022714532681006646
732,0.37975246322291356
733,3.7608910155892312
734,-0.06461574625731745
735,0.1417823585230812
736,-0.0038279573240394835
737,1.0199213527524469
738,3.194994561656526
739,0.7272757915059207
740,-0.0060126413218970914
741,2.998632090927456
742,2.469567103145256
743,1.1126572247911455
744,4.179440528007631
745,3.679448583740473
746,1.0076268552600078
747,2.2428362072908503
748,3.13835451702949
749,0.8526328992165266
750,1.4881021456439196
751,3.825596709781079
752,0.9102276996224518
753,0.5046171322979818
754,0.2665393116894709
755,2.1721559833860558
756,0.8266105215063292
757,0.0925073654725897
758,0.22911813204858836
759,0.8225231170096609
760,0.23309134515924998
761,0.1664122973674661
762,0.7003564676992562
763,1.3472729344155214
764,0.026567323820927923
765,0.5107533842092836
766,1.0548314536423806
767,0.1615211521579808
768,0.07477370566474353
769,1.7544495915979
770,0.07876264566757266
771,0.07030761981384276
772,0.10226120889592531
773,0.290349907524068
774,1.2353646853179265
775,0.4038572637006328
776,0.4719166461185582
777,0.6679745507055791
778,0.859775863048006
779,0.5245692202731705
780,0.6118264507482022
781,2.532101461326808
782,0.28615528605278373
783,0.5965032672010072
784,1.8986478528767259
785,0.444466329448312
786,0.6752381953239898
787,3.898699666037566
788,0.24438128358235023
789,0.5860641733946951
790,0.3719889336522464
791,0.9017996403538002
792,0.7218249221507141
793,-0.048858403011025085
794,-0.2226896009408311
795,0.4007632998512536
796,0.3636962857807772
797,-0.1351048418787191
798,0.9005976082974084
799,2.1667653554082116
800,-0.08291885249326264
801,0.29282014383606764
802,0.9428508048372424
803,-0.09842034392526115
804,0.10015654448890475
805,2.4507071710029966
806,0.025635798448530298
807,-0.15042701394485836
808,-0.03325485608956392
809,0.3481067657283821
810,0.7893428429660729
811,0.11450250577735313
812,-0.17801129934600116
813,0.9938213115555492
814,0.7269629127561845
815,0.06853604914288981
816,0.9037917138650403
817,1.793669393636579
818,0.13819142690538805
819,0.06657642601515389
820,0.9153250303224003
821,0.10001468532298799
822,0.3141702323744016
823,1.662069350193541
824,0.3204932011251256
825,0.43402138133147794
826,0.24180318682635152
827,1.0514518394250947
828,1.3501439183296373
829,0.10410700080305064
830,0.3194909490109703
831,0.6067135438299612
832,0.8685450750671404
833,0.023737025219437487
834,1.1962383027615657
835,1.2276868526641378
836,0.1407989057133232
837,0.5868774104405974
838,1.3308170494243812
839,-0.11826019567375676
840,0.1157239301019831
841,1.6087788306754118
842,0.04755941203342918
843,-0.0040199141025128535
844,-0.08329788589121384
845,0.5565631533322476
846,1.6121281110744496
847,0.40276654579218274
848,0.7187712541986301
849,0.9523927271002457
850,1.269672042894459
851,0.5333915208619741
852,1.05083350422239
853,2.406058710671464
854,0.9527142713323148
855,0.8269966191408327
856,1.4129977708154056
857,0.6678997124851254
858,1.1988614086372131
859,4.845912228680652
860,0.5512507531398788
861,0.5261015224329517
862,0.9610283513747871
863,1.298558731803044
864,2.2568565616925724
865,0.8312887175544034
866,0.276824034288325
867,1.7967409801145904
868,1.2194827440285316
869,0.6054921964486559
870,2.176390860213715
871,3.1268646039139054
872,0.6410517826289259
873,1.0760385965270471
874,2.1137417259868765
875,0.5435072091396337
876,0.6665000505046833
877,3.601911408771559
878,0.8283544599730884
879,0.6012455361497009
880,0.2752309818718369
881,1.2204136955465963
882,0.9893019086519275
883,0.05502101178346944
884,0.15274331920150766
885,0.861385004326033
886,1.0278708409909354
887,0.1135492981412159
888,1.114269561925997
889,2.1504156673244754
890,0.08187848378576087
891,0.5840236848980193
892,0.8895567388081618
893,0.04355185081523977
894,0.03573076356914023
895,3.3929515361767275
896,-0.17019226287101785
897,0.015800766792400493
898,-0.13170061801765676
899,0.7786972915608625
900,0.752485257513682
901,0.3077615965052215
902,0.14810266840059977
903,0.4297376506870214
904,0.4382132713277235
905,0.010906652284184581
906,0.6831853206472108
907,1.0449027608362353
908,0.06299997801626127
909,0.06142223481950155
910,0.7119461981738715
911,0.14903769709873133
912,0.017991636910019853
913,1.2714097548451961
914,0.10058917255015601
915,0.05411886103943382
916,0.07191486385346543
917,0.35371202489224796
918,0.35800267386886697
919,0.30274096157545405
920,0.14496073485112915
921,0.29230009016835584
922,0.2778702458393299
923,0.07651354650086081
924,0.7984094526093366
925,1.1098212183281946
926,-0.028513546727489153
927,-0.0021159301554584675
928,0.5989772973066292
929,0.05555179977886707
930,0.2542975288738583
931,1.3591707333394416
932,0.11559592435283016
933,-0.0019226421887065977
934,-0.012098031885045721
935,0.43622768259097183
936,2.3814940184854043
937,0.5080660188901316
938,0.4377438446912785
939,1.6827231014535096
940,1.6246815960928271
941,0.3622969605784644
942,1.840154853386147
943,3.2976605363264757
944,0.9840707325061631
945,1.5053378327679017
946,2.286082792734398
947,0.8363687593253992
948,1.0368245507133662
949,3.7896692493979507
950,0.8854437691987939
951,0.44775621834723944
952,0.27006188786551016
953,1.692984847409314
954,1.1378560301273168
955,0.40771888075889384
956,0.4859677430786963
957,0.9677862296486042
958,1.0482660882091999
959,0.292330368915884
960,1.2428824856287386
961,2.0496726371815353
962,0.24402726957475998
963,0.9453761257257269
964,0.9025500892047951
965,0.19117338005432769
966,0.3322912528789044
967,1.6509444694763227
968,0.47393699248202054
969,0.5095366841425879
970,0.5095526833885166
971,0.8748166696091736
972,0.681145338574574
973,0.46143915798514706
974,0.08522489457359582
975,1.0326675371761733
976,0.8523287169482728
977,0.7909146294048429
978,1.1851407522033237
979,2.173935320774347
980,0.3950035558800458
981,0.5602545105546817
982,1.3344601211965046
983,0.8171087072430423
984,0.5361259654383287
985,2.131823001666785
986,0.8149421353121132
987,1.0735787232608038
988,0.49750719795871107
989,0.9181750737139784
990,2.550449294970504
991,1.1154859402253612
992,0.7372728530053314
993,2.2727171741861083
994,2.317345738228401
995,1.8030364869913649
996,2.051313808940256
997,2.2839061928488134
998,1.557441444829774
999,1.5843548569117982
1000,1.8240489668507447
1001,0.6703762436708931
1002,1.239624076329977
1003,2.593451560624422
1004,1.0053597163688195
1005,1.203198546693336
1006,1.2205004553406973
1007,1.941783132723366
1008,1.1784536679055293
1009,0.15603469103920514
1010,0.1704036199121944
1011,0.7819109557862164
1012,1.000858693659872
1013,0.2915418484449056
1014,1.438034633466834
1015,1.842939652755233
1016,0.5534284875891163
1017,1.0035807272920685
1018,1.6535554035945743
1019,0.12766582860727066
1020,0.7940941493585045
1021,2.7585329311819953
1022,0.3417460767913992
1023,0.23840466158089474
1024,0.22752746150318476
1025,1.074593150272162
1026,0.10902489146367023
1027,-0.4984460745615603
1028,-0.6080568315458034
1029,0.28297942492076555
1030,0.3444160713124472
1031,-0.3123092507751079
1032,0.03842770022035097
1033,0.9479193156622338
1034,-0.5344280826787977
1035,-0.3137711481026378
1036,0.1881803850188724
1037,-0.043555653884819745
1038,-0.25426682660959476
1039,1.462490652206255
1040,-0.3637713001013219
1041,-0.3387342631928442
1042,-0.3995410052597464
1043,0.15177804169406645
1044,0.24001614245911032
1045,0.033082315123199035
1046,-0.05499624929639846
1047,-0.10194905930373208
1048,0.01262367624034504
1049,-0.1247902990437839
1050,0.3516518770662603
1051,0.5964619695618308
1052,-0.23812648542374312
1053,0.13292083429010537
1054,0.3248187503403625
1055,-0.33183433077073216
1056,-0.06861033204177308
1057,0.9661970209142279
1058,-0.14643851998781954
1059,-0.17760330892302312
1060,-0.0032858443187995965
1061,0.0510379417350813
1062,1.237059846792382
1063,0.21574103275313367
1064,0.1886293356435435
1065,0.5096339977008576
1066,0.4628677154343749
1067,-0.08642758572736027
1068,1.1359911611687477
1069,2.069782563869025
1070,-0.00845654524224956
1071,1.306679849724615
1072,1.253302327599524
1073,-0.017859172447404863
1074,0.25541024330500467
1075,2.2394674467874607
1076,0.23097996489601028
1077,0.070793094603511
1078,-0.18406596184325782
1079,0.6956225684658962
1080,0.9880712144634907
1081,0.17810750197895048
1082,0.1979904029191411
1083,0.6674952796307572
1084,0.44651172051361154
1085,0.2316987833535039
1086,1.0165934644593868
1087,1.812249501533692
1088,0.14692671746560146
1089,0.4816961386522215
1090,0.8719933811381116
1091,0.06723298753545169
1092,0.038557940126131576
1093,1.5748450892415273
1094,0.2805268410339333
1095,-0.0038265128878994968
1096,0.18430771392793718
1097,0.2968841258462655
1098,0.6947148720915044
1099,0.0951705318992098
1100,0.00642554273940233
1101,0.059218287882949326
1102,0.18780427930799407
1103,0.19483741734254237
1104,1.1100583762022973
1105,1.0786326944780709
1106,0.4503030609319827
1107,0.3722418622391132
1108,1.1985813947401809
1109,0.05830766264213279
1110,0.0943535915427259
1111,0.9185230161472782
1112,0.39529838197459893
1113,0.018516448540141422
1114,0.2815226357413349
1115,0.18493748908918203
1116,2.0224791178638744
1117,0.8528334469264557
1118,0.7636793240913881
1119,2.1674361691477038
1120,1.6969338912189251
1121,1.1070818935093671
1122,2.5328481899473565
1123,2.9758635523916936
1124,1.2556627875394393
1125,2.1408470691680295
1126,2.462636678785873
1127,1.081994632303683
1128,1.1839893241850468
1129,2.885984224620634
1130,1.3204424396474652
1131,0.8760657505527449
1132,1.2917222813344562
1133,1.7036514508418406
1134,0.7573834501413527
1135,0.11186476510650727
1136,0.14919962068750509
1137,0.47511530585892353
1138,0.7656600391553581
1139,0.12143090441750662
1140,1.150503022183619
1141,1.5575665245639179
1142,-0.13561814422863286
1143,0.7285199369867266
1144,0.9965022470018601
1145,-0.02312357970556296
1146,0.10405103592331943
1147,1.7480784663529831
1148,-0.06371434711916306
1149,-0.04308665466159306
1150,0.008491399446986589
1151,0.3100247863186494
1152,1.12176083956952
1153,0.5761527006963904
1154,0.8349240768065962
1155,1.164003674645492
1156,1.1720834245087595
1157,1.015978173008436
1158,1.9810014090033121
1159,2.086232512525185
1160,0.6125339356537355
1161,1.5100634363444811
1162,1.5132356223305672
1163,0.6752105653227187
1164,1.1237324367386003
1165,1.514540207813584
1166,1.0533454997259768
1167,0.8435578549738045
1168,0.6126238420498757
1169,1.1711136736268914
1170,0.5799976619830165
1171,-0.22513659246168932
1172,-0.05915413678072533
1173,0.6914175480256564
1174,-0.01845512147153541
1175,-0.19609341815144113
1176,0.9036065130839246
1177,0.5216568634370036
1178,0.03525357585327697
1179,-0.1543835541932926
1180,0.3728546819763983
1181,-0.009476089227086596
1182,-0.26879029315760006
1183,0.41559991615180536
1184,-0.015675579534566206
1185,-0.15735466676109428
1186,-0.2557740864754783
1187,-0.40789468484423436
1188,3.48371921958578
1189,0.9396469198154574
1190,0.9613297275057159
1191,3.9148108018924064
1192,2.649975854737494
1193,1.3535457132556015
1194,2.792871381122752
1195,4.394272144257236
1196,1.5981293358622062
1197,2.898281372845702
1198,2.6650497080857822
1199,1.507059883060447
1200,1.4201533655598968
1201,3.5382436868329132
1202,1.4636155893576936
1203,0.9060046571877939
1204,0.9397148290368638
1205,2.2952091636082277
1206,4.141591619170668
1207,1.1256432683560675
1208,0.8048060171398892
1209,3.6393402547719
1210,2.855122916913678
1211,1.5593266092483882
1212,2.780101357939586
1213,6.613211114929344
1214,1.9462746644887567
1215,3.2700332240814625
1216,3.351440121840879
1217,1.1448483727874619
1218,2.359057741674493
1219,5.105128022459086
1220,1.6871650300792216
1221,0.2917330862613854
1222,1.6661348769935844
1223,2.3969031101780813
1224,10.525459454503675
1225,2.8422006625220075
1226,2.9068702907400708
1227,10.982539664811807
1228,7.157623621995057
1229,3.5234403816844853
1230,9.481200205543107
1231,15.610383412685737
1232,4.12716782103111
1233,5.479472338768394
1234,7.363935503360642
1235,3.893645698504722
1236,3.449612374280311
1237,11.840771705072093
1238,2.6617382501923785
1239,2.0867784831956118
1240,4.629395508353329
1241,4.12247676226961
1242,15.968087803104853
1243,7.215302665017222
1244,6.75953603546632
1245,14.123506655938085
1246,6.265051325748144
1247,5.309729459484343
1248,11.50519892054294
1249,14.709591867912188
1250,5.76154209533428
1251,6.29688020733529
1252,12.419710072288753
1253,5.557871720661496
1254,5.133927530037919
1255,12.435979337102816
1256,4.5516860692810495
1257,3.4196730698613655
1258,4.397075575926578
1259,5.806410237607716
1260,0.04659780256734594
1261,-0.19781602956056593
1262,-0.1761021037403464
1263,0.05603516449237151
1264,-0.09789952385188057
1265,0.004286327321290848
1266,0.4516169328187819
1267,1.332798138202176
1268,-0.47961907508042306
1269,-0.3628569514577188
1270,0.5114902426936538
1271,0.020537299865405065
1272,-0.22433093788446268
1273,0.9096465404516334
1274,-0.14116848034013377
1275,-0.3599108264267276
1276,-0.18434070048246898
1277,-0.0737058068390125
1278,-0.09970194056714815
1279,0.05077382862263661
1280,-0.6431432947315079
1281,0.14546440678292935
1282,-0.7592095747177847
1283,0.06411606991482847
1284,-0.028724588497658524
1285,0.9442871997342421
1286,-0.36174993355950846
1287,-0.7101914636532708
1288,0.22520548607462357
1289,0.10440014116637006
1290,-0.34793761128747935
1291,0.8681759791936788
1292,0.019524029675546044
1293,-0.09485224189520862
1294,-0.11495724100144093
1295,-0.19708715073267838
1296,3.490200777820883
1297,0.40888357994966357
1298,0.3834268450272999
1299,2.96664139048792
1300,1.3860213802136585
1301,1.5956180741114867
1302,2.2697418357152084
1303,4.552738033786755
1304,1.1655754933737605
1305,2.0744688243538043
1306,2.3462001480591548
1307,0.5456643131341102
1308,1.0849683569523956
1309,4.144120316455314
1310,0.4043475293153872
1311,0.05815536529659322
1312,0.9875759737695186
1313,1.3402111366350704
1314,1.3375628657276675
1315,0.5967948832646731
1316,0.44868325938608783
1317,1.8642829992406893
1318,2.0143074174319193
1319,0.9553117961302995
1320,1.936343328935317
1321,2.549052318598961
1322,1.5139482488443565
1323,1.9402988776028474
1324,1.9293586061496617
1325,1.1735312083063414
1326,1.0763352575775282
1327,1.6978533861566618
1328,1.1292125532672195
1329,0.7529063832254903
1330,0.39271946306641214
1331,1.8032091614908876
1332,1.2242022633660135
1333,0.1630943013039162
1334,0.07858708831335513
1335,0.7146145193572014
1336,0.5670094999841131
1337,0.3610154176044992
1338,1.21565413549052
1339,2.17219224562506
1340,0.5535160936055442
1341,1.3565226266073234
1342,1.1274524459293602
1343,0.6417152871369246
1344,0.36277694925163684
1345,2.442257106468938
1346,0.6121400639324717
1347,0.3840760752369343
1348,0.3802563035421842
1349,0.39413717163724593
1350,0.1702883850809805
1351,-0.07096314560546481
1352,0.1270974299078702
1353,0.486441476013944
1354,0.6104678503369254
1355,0.260451325877372
1356,0.4795132343104786
1357,0.8037499414552796
1358,0.2830720114599234
1359,0.3041852779987634
1360,0.7248660167079741
1361,-0.09463003264535225
1362,0.3767296768926885
1363,1.6302434700846131
1364,0.11898425956677086
1365,0.04546376462921876
1366,0.01102976131222273
1367,0.7347433682891226
1368,0.5630972841519915
1369,0.2888999709888352
1370,0.21191163100737614
1371,0.3815791759137901
1372,0.9037792319888657
1373,0.16911726556713658
1374,1.176653104586418
1375,1.8231264865314167
1376,0.666747284883246
1377,1.183491626358908
1378,1.2929201783061128
1379,0.2364718301670992
1380,0.3844998039888766
1381,2.0278401072424277
1382,0.3411887127929132
1383,0.326350300492679
1384,0.2894758934114149
1385,0.7819254377729915
1386,1.5562062874652258
1387,0.26374521608755497
1388,0.6031041309998675
1389,1.3521907951354981
1390,1.458082552280129
1391,0.5398970327822379
1392,0.8627145648756115
1393,1.6724644701907017
1394,0.6907009646869946
1395,0.9132431989756384
1396,0.8662429739361531
1397,0.3672657932542839
1398,0.24783424252457098
1399,1.302037835802348
1400,0.5439138219304707
1401,0.4776050804441414
1402,0.26126687685616357
1403,1.102440786890665
1404,0.7838161923197944
1405,0.14548273155609548
1406,0.050223174392789185
1407,0.7930385186178457
1408,0.6504352026840079
1409,0.3007375049983152
1410,1.0410424364579136
1411,1.4581388565457458
1412,0.5939774604956493
1413,0.45532169433550024
1414,1.7305758144632852
1415,-0.02673981887722772
1416,0.37851608294347927
1417,1.293475980140532
1418,0.20277302496817526
1419,0.14892140726207515
1420,0.24786013227382336
1421,0.490054329166504
1422,1.389856075425884
1423,0.09541275531282171
1424,0.2757564690228077
1425,1.2312111204463303
1426,1.0838116744379092
1427,-0.047873354152993354
1428,0.7525288604457036
1429,2.230796624541518
1430,0.6261648912831899
1431,0.3222656444409614
1432,0.8702532228574786
1433,0.3303467223108446
1434,0.32673621926310875
1435,1.7070222671545499
1436,0.01863500689756764
1437,0.11951417866994707
1438,0.1447949929917274
1439,0.5662262233196225
1440,0.3756132242970368
1441,0.2636361194897372
1442,0.37112974317625996
1443,0.6284709194397101
1444,0.6484341121805449
1445,0.18782278499154675
1446,0.8715080427086265
1447,1.5068168912196596
1448,0.4406224821262283
1449,0.4879912660559837
1450,0.8599575758504612
1451,-0.11318449935351464
1452,0.38202424298139165
1453,1.6648913341602747
1454,0.23249251690102746
1455,0.2348360196318893
1456,0.27308391011820093
1457,0.6638330884584587
1458,0.5707918205179937
1459,0.08809387992957235
1460,0.1399439918179015
1461,0.712722739605731
1462,0.4190267111973126
1463,0.10017525110803654
1464,0.3110216758541338
1465,1.2958413808623375
1466,0.11717836447896483
1467,0.2207184312489851
1468,0.5022199862885972
1469,-0.016156617274209587
1470,0.11048679109246709
1471,1.5572483434453224
1472,-0.045112839953674884
1473,-0.10487236655348857
1474,0.2492591386254094
1475,0.5585302663899719
1476,0.5620135227702298
1477,-0.1852412171800478
1478,0.2590808374084139
1479,0.47470451140515885
1480,0.4112026371425135
1481,0.0836192911094033
1482,0.760523855470111
1483,1.3264336329468354
1484,0.27575684197311084
1485,0.6651780358386968
1486,0.949888647754621
1487,-0.34295968724131265
1488,0.4491820654548405
1489,1.1554846512457246
1490,0.03167870250737701
1491,-0.010329645524940123
1492,-0.16030189727482394
1493,0.34878778103984515
1494,1.0885997710080708
1495,0.3015180505883124
1496,0.48981607606217287
1497,1.282965805452977
1498,0.9487576564133811
1499,0.45499880625306166
1500,1.2174106180829005
1501,2.379388593109204
1502,0.9169596890874059
1503,0.8091259087311554
1504,1.3700042125036536
1505,0.09016581291004559
1506,0.7271275701734174
1507,2.372496256954056
1508,0.4742112825271052
1509,0.4361961645334671
1510,0.545839125971032
1511,0.9415250444451947
1512,0.5302143743014167
1513,0.2233770699186849
1514,0.4576054636218254
1515,0.3619583942947863
1516,0.30350863210921786
1517,0.5095649539804726
1518,0.4287438365986209
1519,1.4176157859373957
1520,0.35654996031709657
1521,0.5808083576167508
1522,0.7327829375767185
1523,0.15715258833894852
1524,0.21402566275988033
1525,1.1861467706970996
1526,0.34587568055212664
1527,0.1385213980658409
1528,0.08670335282382013
1529,0.7533767591882213
1530,0.36531833942250547
1531,0.24177493736479022
1532,0.0318994400400022
1533,0.3423519164287392
1534,0.23357499886575228
1535,0.24613488896898603
1536,1.5931595288086529
1537,2.2837594559332723
1538,0.06664199462464437
1539,0.36899679311774697
1540,1.3695743373703886
1541,0.3191378753094476
1542,0.2110348977637102
1543,2.1703327358109656
1544,0.14788483076597014
1545,0.04057960295482098
1546,0.2743027663493024
1547,0.2275364259333513
1548,1.0650057936991064
1549,0.07776672517784083
1550,0.1647286569492811
1551,1.4416411781188592
1552,1.26113810179913
1553,0.3582932167884335
1554,0.881768775377666
1555,1.9697506887189744
1556,0.9854920361372936
1557,0.7560793886496261
1558,1.3077893639311204
1559,-0.02528245167598065
1560,0.8198161798666324
1561,2.242890641346931
1562,0.557415100185863
1563,0.17847276765690664
1564,0.43428732146166715
1565,1.3467486129483617
1566,0.8081056022412834
1567,0.1502961198106294
1568,0.1930804433309647
1569,0.9493087986391903
1570,1.2426364019279545
1571,0.4510274118899895
1572,1.8718555210041674
1573,2.215721097490505
1574,1.2260753516422893
1575,1.3184558304772402
1576,1.207014955282042
1577,0.43497554563411667
1578,0.6956349073391027
1579,2.169432145313701
1580,0.6996450038986871
1581,0.3779031062837115
1582,0.407053913770057
1583,0.677106704967033
1584,1.4295339012442925
1585,-0.1454198956854366
1586,0.3796466384690985
1587,1.3335359518920888
1588,0.9397172769477067
1589,0.5277149065022123
1590,1.5829870090510496
1591,3.1835042002698533
1592,1.0357795476795775
1593,1.1591910337688331
1594,1.6799514647402947
1595,0.01437948807272545
1596,0.7108248225240893
1597,2.748767256704532
1598,0.3300657614391922
1599,-0.07972858588996375
1600,0.33323244043531813
1601,0.6997207862809206
1602,2.035474877099588
1603,-0.20449825789481482
1604,0.19180489338201048
1605,0.7911235581228137
1606,0.4911091849800732
1607,0.335606230513871
1608,1.2168535942604701
1609,4.062954493138786
1610,0.10525379810853447
1611,0.8620366304357828
1612,0.7737538116650486
1613,0.5050101055986428
1614,0.631480709704071
1615,2.879490783392171
1616,0.7064120200938799
1617,0.04996186489636438
1618,0.11974902885716002
1619,0.45371826359070216
1620,0.949158440262313
1621,-0.019928458722174847
1622,-0.1286452938294953
1623,0.34721488574748977
1624,0.7009328780529035
1625,-0.022400849921593777
1626,1.1210026450710275
1627,1.6857431572781263
1628,0.2944770451617729
1629,0.7477553803240878
1630,0.8573678232839274
1631,0.05970400175366364
1632,0.0810479349355153
1633,1.80301982644769
1634,0.23260434081568698
1635,0.2273829726389431
1636,-0.03465420581445129
1637,0.24175695456829893
1638,1.0726532780626215
1639,0.21499455964166225
1640,0.6943671139534672
1641,0.7291385048265909
1642,1.4871970276056103
1643,0.3562549141713325
1644,0.9554095334328576
1645,1.714546450431069
1646,0.40590334849414966
1647,1.096979859330281
1648,1.784296256675214
1649,0.2960439847997632
1650,1.0918461875270447
1651,1.8797091414637468
1652,0.5041513924813462
1653,0.5764872413107904
1654,0.3620562861046677
1655,1.1378659157517859
1656,0.9348468747815811
1657,0.4984018387970091
1658,0.7967512049801087
1659,1.1693808050566499
1660,1.3079328594923354
1661,0.7015146960195292
1662,1.9160529575248788
1663,3.5996791004400652
1664,0.8325764758171214
1665,1.8050253645207184
1666,1.8906541266419046
1667,0.44974152718973853
1668,1.097381694210252
1669,2.990473730041986
1670,0.5846572722222217
1671,0.39121180023951824
1672,0.42531148028245797
1673,1.322694811157039
1674,1.9965856355238953
1675,0.7042157503134275
1676,1.552871332451348
1677,1.8090749068397995
1678,2.0459506496754996
1679,1.0013591232585644
1680,1.9272265290930584
1681,3.590097678703842
1682,0.9843070352329948
1683,1.7156088041438549
1684,2.3410608676618234
1685,0.8062105864000937
1686,1.2826548270374196
1687,3.493308989729112
1688,0.908250047439801
1689,0.8711247834844276
1690,0.5211815168868171
1691,1.678840728377217
1692,0.46767144914483344
1693,0.15254800782880326
1694,1.0454090841361803
1695,0.7295899125013958
1696,0.772259055048956
1697,0.14687545015548822
1698,1.2569562260215454
1699,2.997054529064338
1700,-0.1369067802227412
1701,1.1049791888378468
1702,1.1858194064428809
1703,-0.1996918118003172
1704,0.2913303942197015
1705,1.6762637850775997
1706,0.10024443923987451
1707,0.19258808233089594
1708,0.057497218162865495
1709,0.6825261595684909
1710,0.10990776122381525
1711,-0.12282032986194193
1712,0.009579080758884268
1713,-0.2987771861921815
1714,-0.012837612144632124
1715,-0.33295777994141207
1716,0.4267958642949257
1717,1.3394611498638451
1718,-0.2609317267912331
1719,0.18286832741925116
1720,0.5295646406304524
1721,-0.10057221727682329
1722,-0.36140034996917925
1723,1.4760586766809862
1724,-0.1991692106736374
1725,-0.21817726203410365
1726,-0.09796905211680955
1727,-0.12253007611103577
1728,0.9214971992043066
1729,-0.08165516018847031
1730,-0.12182213332910212
1731,0.5403754386762611
1732,0.12439663759481853
1733,-0.07868482970272273
1734,0.702765886876726
1735,1.5103226160934407
1736,-0.05021905669813295
1737,0.15026934104163503
1738,0.45907579604082627
1739,0.06787693749637048
1740,-0.23192118030191075
1741,1.620634827270831
1742,0.16923655812351646
1743,-0.08719609173589186
1744,-0.032089499548694216
1745,-0.044428960592853416
1746,1.31384924903295
1747,0.2802534572700715
1748,0.3807750420649244
1749,1.4401658548861638
1750,1.0707858111372406
1751,0.47318974293945826
1752,1.533533827038747
1753,1.765523113872646
1754,0.7655135321342204
1755,1.3659829855781496
1756,1.4610883541634079
1757,0.41528444289876226
1758,1.0023154915964143
1759,2.0713361355106756
1760,0.48798583784555677
1761,0.47776871572191937
1762,0.40890662201861705
1763,1.1516774807483101
1764,1.4732793987721535
1765,0.20634382656548975
1766,0.26273639708227975
1767,1.1335673665778154
1768,1.0191118618519461
1769,0.34620031560057996
1770,1.2786295797757308
1771,1.812594062110837
1772,0.5052546142464294
1773,0.9065059247346128
1774,1.8788718846889267
1775,0.04951926586629539
1776,0.5187640572962562
1777,1.7784628835756675
1778,0.3761559680806643
1779,0.3038950228289601
1780,0.18993298697596997
1781,0.6901126923705067
1782,0.9748341757623478
1783,0.29158489976778446
1784,0.4388974138165785
1785,1.2173110588036415
1786,1.387327996293671
1787,0.616850391472625
1788,1.303326108919138
1789,2.05756071490091
1790,0.6639663554185659
1791,1.321763641742527
1792,1.5130346128327132
1793,0.46800404460618
1794,0.4736654169221944
1795,2.2984833677327337
1796,0.5360963826931993
1797,0.4407774945466519
1798,0.34263947120608906
1799,1.05834517770932
1800,1.5136774959752717
1801,-0.6883280043743912
1802,-1.287541604808603
1803,1.5529117321284631
1804,-2.3757210435743397
1805,-1.1489486854807334
1806,2.2775670461247217
1807,4.9997032684294025
1808,-2.8412521479962973
1809,-0.17075934871574996
1810,1.3879748031241592
1811,-2.338810905232466
1812,-1.8685985000925514
1813,4.2676836293851395
1814,-0.24718957811025272
1815,-0.7047971162320276
1816,0.17321108750781372
1817,1.2041495493579744
1818,1.6736206547058072
1819,0.734907155234199
1820,0.7905233322623239
1821,1.4751202075772836
1822,1.7579313195125956
1823,1.153198404608963
1824,2.094368776582487
1825,2.4908485705217527
1826,1.0795295460668932
1827,1.4560306031408936
1828,1.7829699926333824
1829,0.6200816500060184
1830,1.989248460817373
1831,3.4544588473203914
1832,0.7207437508788707
1833,0.4663340725451902
1834,0.7342576096572041
1835,1.4630611734062728
1836,1.6468184877101943
1837,0.09832738219120103
1838,0.6306104849984165
1839,1.2835335949379814
1840,1.5478710535676536
1841,0.6539903190869395
1842,1.5864016939502714
1843,2.9647044171112906
1844,0.644747063263457
1845,1.488770927397723
1846,2.0088919885970764
1847,0.23826220388151992
1848,1.1099025020793822
1849,4.765778456794774
1850,0.45919755727334605
1851,0.2254940755085597
1852,0.458653695886704
1853,0.9340881805129025
1854,1.4977926144038751
1855,0.02027797795092859
1856,0.38706638291222584
1857,1.3122154476346206
1858,1.0021528574026208
1859,0.3264757048506067
1860,1.7932028645505362
1861,2.9113040597787974
1862,0.4792242149252871
1863,0.9749620746220775
1864,2.5690882089176195
1865,0.851398116650283
1866,1.2452249054616606
1867,4.45799104660108
1868,0.8607409440404605
1869,0.007689309779077419
1870,-0.05893881735491341
1871,0.9563111885104643
1872,0.7359254195711508
1873,0.1400692644713871
1874,0.10276659781033548
1875,0.21867818131820896
1876,0.5540589776102178
1877,-0.02604349501405197
1878,1.3470716968421494
1879,1.5305003049094954
1880,0.411377370650205
1881,0.3469811235692764
1882,1.2789475676041377
1883,-0.1395868391989676
1884,0.30580200538498237
1885,2.227171350220748
1886,0.19461044006517378
1887,-0.10581520906933971
1888,0.04152112601403951
1889,0.39446602528194297
1890,0.9566240309130117
1891,0.3946017841293905
1892,0.08915463003579475
1893,1.616371041311863
1894,1.6304657325064755
1895,0.623726926945957
1896,1.6600246931422085
1897,2.3662292586957427
1898,0.14063831508378713
1899,1.2614216045949838
1900,1.9409710759540921
1901,0.42936208486481514
1902,0.6436261068922575
1903,2.9047203727703264
1904,0.4639996358992517
1905,0.12728337979361576
1906,0.06531909345600748
1907,0.934906745490223
1908,1.8814890255821057
1909,0.4067862665528077
1910,0.8945422911480995
1911,1.6265487048565912
1912,1.4383118380240347
1913,1.0184888065253455
1914,1.8042045988350541
1915,2.7795150881104482
1916,0.9647840063016582
1917,1.9845601129674248
1918,2.1261727410537103
1919,0.7689845883995226
1920,1.5633768075930645
1921,2.9392119015816482
1922,1.6872950721602407
1923,0.3630447782571228
1924,0.7590671132704595
1925,1.7612646000486822
1926,0.01464651609999399
1927,-0.11491171085999449
1928,-0.6507354263652204
1929,0.10566176503391712
1930,0.2293341521150413
1931,-0.038320846632674946
1932,1.0200298545418018
1933,0.9261477301729223
1934,-0.25783666111766734
1935,-0.12165132720472821
1936,0.3285613413832463
1937,0.21701553746565413
1938,0.1335908257602258
1939,1.4696568462542585
1940,0.12926118064753944
1941,-0.5849938299188063
1942,-0.20098285919731132
1943,0.19087668476545513
1944,2.695116508338495
1945,0.5031657723005198
1946,0.37152961361070663
1947,2.4916131227006586
1948,2.911268981739727
1949,1.1683411196037865
1950,2.933975802912965
1951,5.26403981951486
1952,1.4357226894839552
1953,2.539467991926642
1954,2.8827566601146084
1955,1.3400312370649514
1956,1.7903453508230809
1957,4.546343361263214
1958,1.3933391878609194
1959,1.0193819920767113
1960,1.472855360181479
1961,2.194314738445219
1962,7.103686480309952
1963,0.8699299332694564
1964,1.00574600896892
1965,6.069935107212266
1966,4.054905005332598
1967,1.7528699683099578
1968,6.071236371264951
1969,10.489698858071899
1970,1.5917375557310722
1971,3.922850104274888
1972,5.381742353772933
1973,0.8600238758311058
1974,2.1144270099708304
1975,6.630593872566034
1976,1.4205483971231139
1977,0.13780911431466694
1978,1.0810240110099074
1979,2.8013955610910406
1980,0.6612254633416299
1981,0.5066425990384488
1982,0.5640256704391835
1983,0.6974882049132625
1984,0.43086389128882635
1985,0.36609176811787103
1986,1.237218499055905
1987,1.3338915663934916
1988,0.5981500328335575
1989,0.45643235817486266
1990,0.7216469721774843
1991,0.5967419437905678
1992,0.3396349614463801
1993,1.010552234305777
1994,0.6392646342280406
1995,0.7242731444139088
1996,0.3666462997850329
1997,0.629880854375592
1998,0.35284755579741
1999,0.4518422111316809
2000,0.4491915998698627
2001,0.9439464644221938
2002,0.5430294148582175
2003,0.5433091483472844
2004,0.8757826072376692
2005,1.4302545686124624
2006,0.38346624218114134
2007,0.4668000343221991
2008,0.8684403935435591
2009,0.2918614266241484
2010,0.592823475352653
2011,1.6580553490428551
2012,0.47172093283736394
2013,0.8154489423628046
2014,0.39449537019998504
2015,0.9564742124393546
2016,1.0746261958172938
2017,0.4517770374574065
2018,0.4664622380164588
2019,1.1589472639487282
2020,0.6927120778933148
2021,0.5912268625319599
2022,1.0267473950154677
2023,1.6918903420250013
2024,0.45142872971586345
2025,0.7166230909962559
2026,0.774184076240658
2027,0.471114194593397
2028,0.7934796833345135
2029,1.4448602850547478
2030,0.8188826167343592
2031,1.0480088774694805
2032,0.3358729262880349
2033,1.263445406114459
2034,4.565992449664675
2035,0.14228413345958202
2036,0.5330031815668815
2037,3.6273220160768247
2038,3.5069582419770833
2039,1.3819189061973196
2040,3.019229597830279
2041,4.256718808329809
2042,2.129852746076653
2043,3.52887590225538
2044,3.13810239340378
2045,1.3758369522298737
2046,2.2939295002176268
2047,3.5218905710710913
2048,1.5483201781869376
2049,0.6295594200173374
2050,1.7206077180922275
2051,2.435025116379551
2052,2.610393921423108
2053,0.4999946877037849
2054,0.10393085607571462
2055,1.804268388404065
2056,2.2024478460064176
2057,0.8854912180433596
2058,1.6043419748055279
2059,3.424528119979955
2060,1.4118242979487774
2061,2.2075785155094034
2062,1.7659356773301633
2063,0.8014589211604976
2064,1.3010915090249329
2065,2.5401292426682245
2066,1.261311589830547
2067,0.5047432575069163
2068,1.2693930269621638
2069,2.5872199981944792
2070,2.273028119285465
2071,0.3982784814561229
2072,0.09090879406187967
2073,1.9356157108738212
2074,2.3347771983766106
2075,0.7635953251583079
2076,2.3937375318047573
2077,4.091227810491912
2078,1.3557695957256508
2079,2.7420136536482844
2080,3.3819567088141342
2081,0.7225708074029847
2082,1.1013798674726167
2083,3.327467514599198
2084,1.0886991829820707
2085,0.5927156235341576
2086,1.0259290220415158
2087,1.4798434443235435
2088,1.1629735844587639
2089,0.4335867241342509
2090,0.08931333024870249
2091,1.4423329590305303
2092,1.4591662620764903
2093,0.25547636679220814
2094,1.1035527127200178
2095,3.288933032732685
2096,0.6897086877128297
2097,0.8249696063072128
2098,0.9303319839175069
2099,0.4219695665264763
2100,0.636136402663546
2101,3.445075807323332
2102,0.23574429772278582
2103,0.20787325420018773
2104,0.36424930253536664
2105,0.43789277229335133
2106,2.0296839518616125
2107,0.4380769626735269
2108,0.07653911133944577
2109,1.2388950720128036
2110,0.417650160752262
2111,0.09842933423398202
2112,0.9817041617071633
2113,3.353510908012792
2114,0.40770310902098666
2115,0.3662413811049291
2116,1.5696326640817717
2117,0.240532991151535
2118,0.25631517613303545
2119,3.4753138625024587
2120,0.32346764198102096
2121,0.1911767939519576
2122,0.33792074130852684
2123,0.8272818454887474
2124,1.1418551481113173
2125,0.2714992500809382
2126,-0.016485545381132286
2127,2.172465822435488
2128,0.9812185425569542
2129,0.14218738260496672
2130,1.2607923513393104
2131,2.8426134749565053
2132,0.6552117983394761
2133,1.5312461866336184
2134,1.3632472063144883
2135,0.1947454861116779
2136,0.49337962293470583
2137,2.3887123089814066
2138,0.3408306296549981
2139,0.06974441844143653
2140,0.42105531609265656
2141,1.035318910643354
2142,1.109777414222517
2143,0.3372979913753248
2144,0.13813341785026945
2145,1.4207681239488976
2146,1.0716674974646025
2147,0.007374159033108402
2148,0.9183723262328694
2149,3.4901511657346074
2150,0.5621724281507908
2151,1.0071235386984496
2152,1.1581282741053387
2153,0.24479258647525468
2154,1.0080500657790172
2155,2.606515786697097
2156,0.8034028652603585
2157,0.3722185037137429
2158,0.3627557692119898
2159,0.9530405166677134
2160,0.7367374134117443
2161,0.5104026335549191
2162,0.3046689965475213
2163,0.5960676287820238
2164,0.7219796649883622
2165,0.2223073305856605
2166,1.4172429181775952
2167,1.7211965449570812
2168,0.2142872668992401
2169,0.8504670525256962
2170,0.9249330720918661
2171,0.39035691551745644
2172,0.23181340733857547
2173,1.1659109683009938
2174,0.15872480402263123
2175,0.12919882796849433
2176,0.5238571364885775
2177,0.7889090586763611
2178,1.5779788704984186
2179,0.6664605861273072
2180,0.3406879557518085
2181,1.2507012263347317
2182,0.40511888288977815
2183,0.5263713058671636
2184,1.850953511255044
2185,3.003578917810058
2186,0.7615093490795595
2187,1.1765302822746038
2188,1.2187647639917105
2189,0.7194566146634773
2190,0.8275459003988563
2191,2.2710678704354588
2192,0.9175026703010244
2193,0.027553641902999134
2194,0.6098356729265494
2195,0.8830218640342166
2196,1.2548259729110796
2197,0.44591417714455306
2198,0.20919955975719778
2199,1.2137806473756285
2200,1.1384709483729234
2201,0.2843172733940007
2202,0.7034112909608523
2203,2.76099940868489
2204,0.6519885386638374
2205,0.7704724112998064
2206,0.8081454298251882
2207,0.17065643920487736
2208,0.288285169308157
2209,2.466778342712698
2210,0.1105012265841822
2211,0.2194138495792741
2212,0.6553511385072637
2213,1.5435162496668486
2214,3.1624861295816715
2215,0.42606616262989283
2216,0.7471917639882019
2217,3.4082525599736555
2218,2.613714177262164
2219,1.0326784536123539
2220,2.6260618512476257
2221,5.012882413133959
2222,1.285769247385717
2223,2.5536772297006025
2224,2.741624439447289
2225,0.9835699600251169
2226,1.1282563517284736
2227,4.937810684269969
2228,0.9462185131976105
2229,0.4099953628407516
2230,1.0215405492193574
2231,1.9210507213617276
2232,1.089092664288697
2233,0.20420120224609542
2234,0.47218105879306055
2235,0.6307597736151708
2236,0.7610952320508836
2237,0.26975100802697666
2238,1.1680280316841276
2239,2.542471513695361
2240,0.39987152734138715
2241,0.7186197388549116
2242,1.2042947672331734
2243,0.2580278498974679
2244,0.8679313052100978
2245,2.481786276761036
2246,0.4393478651258674
2247,0.43125974077124263
2248,0.31586438834804503
2249,0.9018655256320672
2250,1.0623276507960577
2251,0.4119083619696109
2252,0.6121257865122256
2253,1.4787898082466966
2254,0.6523511823766727
2255,0.5839597665671696
2256,1.3688853753697579
2257,1.5015553124272771
2258,0.5375757864707846
2259,0.8040896051171447
2260,1.1826603749383622
2261,0.13001152625070317
2262,0.811285123490827
2263,1.9123849288381238
2264,0.40714942551795286
2265,0.4675130241868104
2266,0.1651466814708438
2267,0.7697238082653933
2268,1.5871035962622813
2269,0.424477249399474
2270,1.1453463459052893
2271,1.2998408465425457
2272,1.624794146230411
2273,0.7120561238465171
2274,1.6193665853439538
2275,1.9653574612915028
2276,0.6297352846512455
2277,1.3748028277085078
2278,1.7181493935255925
2279,0.3094770431780974
2280,0.48206118814990967
2281,1.961720690796442
2282,0.4444201864115359
2283,0.35138974895950087
2284,0.5354515698767284
2285,0.9802943287740967
2286,0.2967350053100293
2287,-0.056195777245294704
2288,0.04555137563667256
2289,-0.21734306602291764
2290,0.30403365324313136
2291,0.054769239491475205
2292,0.20157566629190315
2293,1.2346359755505472
2294,-0.1876870066835644
2295,0.5481404938192306
2296,-0.20092139663331302
2297,-0.4811157249720598
2298,-0.34561427715395865
2299,0.6301415364303931
2300,-0.3908934961919542
2301,-0.5114741682957944
2302,-0.3193004871183511
2303,-0.05147917464756467
2304,0.5199011723968345
2305,0.1007559230141145
2306,0.03179087058726428
2307,0.6854939218513413
2308,0.5350831376716589
2309,0.05346738035157279
2310,0.8184433910798599
2311,2.0450871753524855
2312,0.16082455881718752
2313,0.3637622203364748
2314,1.039976552516973
2315,0.06596369278540108
2316,0.2834209898356095
2317,2.3248042101904303
2318,0.09803571511329899
2319,0.0689223743043843
2320,0.03960551770422115
2321,0.6418205666745102
2322,0.753477184278634
2323,0.512929163377868
2324,0.5024529469797638
2325,1.0383632340455875
2326,1.0129485735254227
2327,0.22174141051338522
2328,0.9577380514172442
2329,1.9057649614934715
2330,0.5592115552706148
2331,0.5010982265513348
2332,0.9936888048759063
2333,0.1391902223764777
2334,0.6526857878691453
2335,1.4702141291481958
2336,0.14722564224590012
2337,0.13927952676103894
2338,0.22816315080729696
2339,0.48147126917623023
2340,0.6608837669820732
2341,0.03929095679260676
2342,0.2574744985046209
2343,0.38641587070104444
2344,0.6863203469985741
2345,0.08074447100996227
2346,0.575399380910022
2347,1.9956704846611744
2348,0.4532472996137422
2349,0.4244802530423315
2350,1.3374442935036859
2351,0.0231748320319611
2352,0.2414128854593611
2353,2.276052745927218
2354,0.015903597914290742
2355,-0.010610420043485436
2356,-0.15167105279633042
2357,0.5451110440972706
2358,0.34698732061352744
2359,-0.03317284271448238
2360,-0.10020955510669499
2361,0.3891611335166311
2362,-0.01450386273338327
2363,0.005826919472759074
2364,0.40999726673562664
2365,1.4808036971166758
2366,-0.048348000443782964
2367,-0.11263077743651709
2368,0.7577088689517062
2369,-0.1632224614603109
2370,0.15296008986944631
2371,1.5444278429643137
2372,-0.026252344453373724
2373,-0.18651349551698537
2374,0.007642544109636528
2375,-0.03771193276860644
2376,1.5973848525028185
2377,0.43963543095627405
2378,-0.0593229228121335
2379,1.6049297104221765
2380,1.0261318520555751
2381,0.681155714793309
2382,3.6555435716422786
2383,3.202363419550236
2384,0.8413437133934318
2385,1.482598194286027
2386,1.9810973175681033
2387,0.8353610108526569
2388,1.3745539816064103
2389,2.8103978538652545
2390,0.6676317782174938
2391,0.5355542921059168
2392,0.47980904567596855
2393,1.5581718549480892
2394,0.9644022599940759
2395,0.086298398726866
2396,-0.15655549742464947
2397,1.4633688495349426
2398,0.5531609119156145
2399,0.04016975626154155
2400,1.4635917494042647
2401,2.8581331563494214
2402,0.3779310869912441
2403,0.36348616851506754
2404,1.1370475733568148
2405,-0.04857230257557874
2406,0.18043553622574923
2407,1.6486644517687428
2408,0.10591514829701226
2409,0.04117947077179214
2410,-0.12092032106961555
2411,0.47355643299540634
2412,0.8200594784965755
2413,-0.08621223120370061
2414,0.07850293051700503
2415,0.8017195351005625
2416,0.6453539789149348
2417,0.118802166392241
2418,0.9321554611966514
2419,1.4560246155077956
2420,0.513584566073367
2421,0.5002149316240316
2422,1.3429989488973333
2423,0.11500149620208923
2424,0.5632491653044086
2425,1.8496643807991962
2426,0.11976224556846793
2427,0.2682334191320871
2428,0.055384397628304396
2429,0.5072395386422528
2430,0.10294160387362039
2431,-0.16541890627608424
2432,-0.028060884233968
2433,-0.02586911109993152
2434,-0.06625516206239707
2435,-0.08964746732471755
2436,0.0019082885235007768
2437,0.5624839973954896
2438,-0.5341903771232117
2439,-0.19555264143599138
2440,0.20140520455529462
2441,-0.2637273574110308
2442,-0.37131862626920453
2443,0.8507521314022248
2444,-0.25267675838256964
2445,-0.04404248151638942
2446,-0.14600887945722324
2447,-0.33468061255767745
2448,-0.03138095402986011
2449,-0.13749250703147828
2450,0.099962255390926
2451,-0.2575214220456793
2452,-0.06514616120962377
2453,-0.14100185303126717
2454,0.21429934857998997
2455,0.3752478072289636
2456,-0.2913248297548894
2457,-0.09700826237819796
2458,0.29444028127795707
2459,-0.026064986576614105
2460,-0.15377216946740338
2461,1.2292973299839107
2462,-0.22239306455678354
2463,-0.0572556160294495
2464,-0.16094920726405265
2465,-0.03332780981299307
2466,1.9718060186602895
2467,0.3152082512224159
2468,0.9175882546599199
2469,1.8911069101762683
2470,1.9615483851247508
2471,0.5879613974931207
2472,1.6420021113012506
2473,3.770043356925021
2474,1.3358696565171602
2475,1.8732403735495284
2476,2.074294295205496
2477,0.8089786886832919
2478,0.9682593806064068
2479,4.591756947970768
2480,0.7780880362387345
2481,0.6660492631509479
2482,0.8645333652453264
2483,1.7378625315672829
2484,1.4186161702177864
2485,0.3635755821417429
2486,0.5820183392212164
2487,1.4548325025606799
2488,1.47128985312656
2489,0.5802031612495735
2490,0.961307422387476
2491,1.7360802382077762
2492,0.5365232507477535
2493,0.8368086105767452
2494,0.7292115524392683
2495,0.3749722961787182
2496,0.11783236027103937
2497,2.8342390901488463
2498,0.6306927332962396
2499,0.4346410955869249
2500,0.34876186343392357
2501,0.7342218345343569
2502,2.2192833309664115
2503,0.2823883769806724
2504,0.35666749359100797
2505,0.9328905929161299
2506,1.2704780962802562
2507,0.23357776586147141
2508,1.4460152026936919
2509,1.9098289773789257
2510,0.7590501800188804
2511,0.7334624320970379
2512,1.2839566468158796
2513,0.2613712595884084
2514,0.5068857520372819
2515,2.3527436530408865
2516,0.41048903144624027
2517,0.24254929073428685
2518,0.4206955693999827
2519,0.8450943956991613
2520,2.686879498150711
2521,0.20944003197416616
2522,-0.05665948581331691
2523,2.456796279299818
2524,2.0430793491243855
2525,0.5019398169403811
2526,2.9755518085907697
2527,4.59068072553831
2528,1.1498723508922541
2529,2.425300527629392
2530,2.7439018842426544
2531,1.0884473480858894
2532,1.49414002775852
2533,5.874654577082233
2534,0.9061400767019927
2535,0.3242141690572949
2536,0.4685233129458804
2537,1.8138068258376605
2538,2.613293590674678
2539,0.0704538464382963
2540,0.04457808223159339
2541,2.8364424231747125
2542,1.6146803699658698
2543,0.4235769127305748
2544,3.5014673574437976
2545,4.102783707353333
2546,0.8066706261915855
2547,2.2936619022386378
2548,1.6124230663733707
2549,1.254558775684485
2550,0.9290846025750278
2551,2.2427399252719655
2552,1.4834062080755361
2553,0.3812219813432305
2554,0.33419399989471577
2555,1.1825095444307323
2556,0.6637153262628807
2557,0.0536375463514858
2558,0.11321038110813982
2559,0.30877172743913245
2560,0.7689113331121574
2561,0.31932498410098326
2562,0.4300431184168834
2563,1.374068859020781
2564,0.21264731735287853
2565,0.43733545543297475
2566,0.2910771860375424
2567,0.06769502141251259
2568,0.12674164720577494
2569,1.7955464218993582
2570,0.0790392110024577
2571,-0.03468010573666982
2572,0.19246341355114427
2573,0.30613953784358167
2574,0.6738309603695201
2575,-0.0538370156533898
2576,-0.2489235183639803
2577,0.29881098930184946
2578,0.269441029537339
2579,-0.14585957137787595
2580,0.809693860399309
2581,2.080160055997278
2582,-0.10278682728855144
2583,0.1804959442467629
2584,0.8424659391305906
2585,-0.04111559076813212
2586,0.15088069456653108
2587,3.1507943243300023
2588,-0.1422876076550355
2589,-0.21147095990252077
2590,-0.1825054484904063
2591,0.1493728161512742
2592,0.8628212640112896
2593,-0.1176713588675495
2594,-0.08627343857824278
2595,0.39507645921129575
2596,0.41471160574082105
2597,-0.10912065271511638
2598,0.7990402828229466
2599,2.5540896533931265
2600,-0.04834274089726569
2601,0.18605764327065724
2602,0.8941086530705226
2603,-0.032510592395049526
2604,0.10713756993362135
2605,3.285100897597657
2606,-0.038942817256845924
2607,-0.19783898802330643
2608,-0.1298632817203522
2609,0.4524649406478947
2610,1.076053478011834
2611,-0.05001355494841671
2612,-0.08379423504288867
2613,0.22219530316134858
2614,0.1630438940182018
2615,-0.14524435155774326
2616,0.6611460582426055
2617,1.7808880471865811
2618,0.011304068743232549
2619,0.07008119800790288
2620,0.9087219099222372
2621,-0.14501690253188193
2622,0.014265565743080112
2623,2.0716241129975894
2624,-0.06225220683660118
2625,-0.1093386110447725
2626,-0.09944850867491659
2627,-0.032752078255343806
2628,1.2844166535749815
2629,0.25927911005508436
2630,0.3943477670193432
2631,0.6960259807116022
2632,1.1315251327176974
2633,0.3894406765377973
2634,1.0193301531492576
2635,2.3539001526136007
2636,0.8716511881859069
2637,1.2348251423138086
2638,1.6697826616437732
2639,0.3458113217067091
2640,0.8325195312569054
2641,2.5700887444472453
2642,0.46715272040280353
2643,0.3238774969394201
2644,0.25317012932997546
2645,1.011064785682445
2646,0.4615889392085895
2647,-0.1098557800738316
2648,0.10959477733395089
2649,0.6197529512966865
2650,0.828605680553594
2651,-0.02711696657396567
2652,0.6912479137461794
2653,1.8647955757053887
2654,0.21750283213940919
2655,0.6691605127345636
2656,0.9458510326780548
2657,-0.10926987944182365
2658,0.2754031733901136
2659,3.412548081658628
2660,-0.10142054561178292
2661,-0.11119559168641652
2662,-0.03404620979201007
2663,0.4253849016634455
2664,0.7504304240569235
2665,-0.06838560515873364
2666,0.06955471479004148
2667,0.2917973378289997
2668,0.8145350379796921
2669,0.01646770731650399
2670,0.8457329257468954
2671,1.380013012116693
2672,0.011315381354316187
2673,0.7723401386646801
2674,0.9137907035217844
2675,-0.028725296289074477
2676,-0.01756997772157151
2677,2.2876820922283527
2678,0.03842236460522485
2679,-0.10584006678336069
2680,-0.015085026038622041
2681,0.46931151658444903
2682,0.620023319618232
2683,-0.10241309190816097
2684,-0.1427014363909058
2685,0.3967592603708919
2686,0.8321098038188689
2687,-0.08458552843395872
2688,0.9510015008465832
2689,2.4852611113725525
2690,0.15630148468417096
2691,0.7112266979025885
2692,0.8171098545226538
2693,-0.10162815544173026
2694,-0.10932118979584131
2695,1.970435961751153
2696,-0.03783886178564674
2697,-0.1356789362441799
2698,-0.07651296096316726
2699,0.46021022058216443
2700,1.028784480927978
2701,-0.0988643760525748
2702,0.41503454918995347
2703,0.5345713514495499
2704,1.2071605934050424
2705,0.1959110308326944
2706,0.8876883619191679
2707,1.276174500884767
2708,0.40286132166672445
2709,0.8741273159410704
2710,0.8844255200444215
2711,-0.0802974624615069
2712,0.1087488405445127
2713,2.047750682858131
2714,0.1674841671354998
2715,-0.05180742543724737
2716,0.29247785451727387
2717,0.8597308182073093
2718,0.7094441933977514
2719,-0.17850804486156818
2720,-0.4072858036087235
2721,0.3473265011725365
2722,0.4475085766250081
2723,-0.10875252171291405
2724,1.2145602362910393
2725,1.3977671628536528
2726,0.009855612328134748
2727,0.2631255401499015
2728,1.0250676727357897
2729,-0.1402554999132539
2730,0.20423730052785122
2731,2.7663744023154933
2732,-0.24972103563003517
2733,-0.14760692937595285
2734,-0.3218333921976339
2735,0.34260394957814344
2736,13.404925299072472
2737,5.168851840740606
2738,6.127842858036649
2739,11.151990391189415
2740,5.328854250137275
2741,4.4637982756584496
2742,8.77645771232422
2743,19.608479882095143
2744,3.7999569770944768
2745,4.6011135911882235
2746,5.926355546472291
2747,4.020567682254632
2748,4.913080444208482
2749,14.54111415911844
2750,4.023590481740702
2751,3.7320182114786045
2752,3.744204867980703
2753,7.490660584782929
2754,0.505005464256563
2755,-0.47703537944983787
2756,0.8999360516649679
2757,1.0554599901940134
2758,0.9402855083864993
2759,-0.20561211967386175
2760,0.5447255743198298
2761,2.4830316622132043
2762,-0.2863297748397432
2763,1.8589388749678193
2764,-0.3896363206778395
2765,0.005786755717155451
2766,0.9294674387817573
2767,0.46631475159809155
2768,-0.3123993602408983
2769,-0.2881055979977598
2770,0.16154698812398305
2771,0.7291137674403012
2772,0.11342793248691466
2773,0.20445905190638647
2774,0.1013486850415397
2775,0.06579660395933755
2776,0.08774891560658349
2777,0.24532877600780365
2778,0.39417359372867133
2779,0.996910721863433
2780,-0.24699249342709997
2781,-0.15422278864898115
2782,-0.1304186740259604
2783,-0.11252443260084534
2784,-0.04172309319494032
2785,0.957395486517373
2786,-0.1853123241385577
2787,-0.15337035311033329
2788,-0.297303116967455
2789,-0.4053887180045415
2790,-0.017002347477478513
2791,-0.06052453514375896
2792,-0.23196937981809845
2793,-0.25085666158622616
2794,0.1471000251725901
2795,0.19476691630236587
2796,0.30532675317709257
2797,0.5795959978897188
2798,-0.24468034572099756
2799,-0.22998346853882345
2800,0.21076900469161752
2801,-0.11469821694742383
2802,-0.19727360352291676
2803,0.7655068021652705
2804,-0.19918648867330144
2805,-0.18055157058686014
2806,-0.13291512149435758
2807,-0.1945043441517142
2808,3.090639263982866
2809,0.9826843304837533
2810,0.3982431365365561
2811,4.078895417769871
2812,3.4414082725199653
2813,1.3508324804253828
2814,3.317251827251604
2815,3.6904639227191596
2816,2.22722068423617
2817,2.019338506672653
2818,2.340868850239109
2819,1.1033935503871388
2820,1.5805310314745005
2821,2.8159426589788463
2822,1.5494673826667635
2823,0.7690729916753287
2824,0.8541001988121875
2825,2.2997467105125535
2826,2.400812296786618
2827,0.7792106312346938
2828,0.8016770318603089
2829,2.5738644761280556
2830,3.047158914485613
2831,1.171830421733561
2832,2.32217433135968
2833,3.6168244584148335
2834,1.9288702470392205
2835,2.253578306367717
2836,2.4561334094485545
2837,1.1139484878755708
2838,1.5783402817184367
2839,4.009272154058589
2840,1.2407947948934035
2841,1.0579625677445592
2842,1.2999584167762255
2843,2.287572411873807
2844,0.5504776848707655
2845,0.22695873169548172
2846,0.314991596008356
2847,1.1206879126075715
2848,1.3943307818509998
2849,0.26694092687301946
2850,0.55153935319307
2851,2.5680215303576426
2852,0.323966336457153
2853,0.4963096774375054
2854,0.8142614779540432
2855,0.29903743602572475
2856,0.7047803468471375
2857,2.56246157294303
2858,0.17990433378968965
2859,0.3563083065492299
2860,0.20911932347830986
2861,0.9015508288270847
2862,3.154084766171904
2863,-1.486104740991286
2864,1.5224603708958515
2865,2.521061595691492
2866,-0.3035803192224866
2867,-1.18039908587045
2868,1.2652836731579824
2869,4.8810597710703405
2870,-0.7122415879779368
2871,1.241572164562159
2872,1.0983657834940665
2873,-0.09459996798861607
2874,-1.4330616324315688
2875,5.706408872473834
2876,-0.9461177941526192
2877,-1.0345943164277915
2878,-0.44451197651752233
2879,-1.2768608676752096
2880,1.205931635490726
2881,-0.04334045809032606
2882,0.6666139080938895
2883,1.263217012903192
2884,3.7697400447938856
2885,0.5718974095130759
2886,2.1175186565429525
2887,3.5838777501853682
2888,0.2172767859581568
2889,0.4604804751376366
2890,1.054848402156777
2891,0.14576943263802922
2892,1.2657311645871012
2893,2.7291398027565426
2894,0.37009350679921277
2895,0.804697686720573
2896,0.2818754348956483
2897,0.4713797567466401
2898,0.7775000559538028
2899,0.18154471508376546
2900,0.8385398512694081
2901,0.6194755751395442
2902,2.767211645692874
2903,0.17269491072216736
2904,1.3831088291314275
2905,2.0745538313519467
2906,0.213100817286085
2907,0.7898523771930174
2908,1.2723123939736602
2909,0.24459619116006398
2910,2.87605642104122
2911,1.7782565402158708
2912,0.5311715711070786
2913,0.43337819038748954
2914,0.1923204317466795
2915,0.6448138426016872
2916,0.49834283141107016
2917,0.48009859230181207
2918,0.5872570580964498
2919,0.46889485222919797
2920,0.5598394143415688
2921,0.23710659145848204
2922,0.8905648756457123
2923,1.9063148015787041
2924,0.18266113129294714
2925,0.42723299266235415
2926,1.1577620552217538
2927,-0.04750485285795492
2928,0.7278875162050399
2929,1.431528202235965
2930,0.08660523967052894
2931,0.09836416909061968
2932,0.2868466140677307
2933,0.6713065835098089
2934,0.856124974314092
2935,0.23444153200723766
2936,0.38775828525656275
2937,0.5912887087283284
2938,0.5205341801793086
2939,0.18662997060077174
2940,0.9891422355319048
2941,2.2068074035326855
2942,0.1858291534589769
2943,0.6518442696749083
2944,1.241705977302736
2945,0.4966709350478069
2946,0.22757707676883865
2947,1.705762564908431
2948,0.6606132911475852
2949,0.5311353324743977
2950,0.1971155872923235
2951,0.5040446047401208
2952,0.324012314404468
2953,-0.23530174248071303
2954,0.16002611977561232
2955,0.946812473619998
2956,0.12759548837804668
2957,-0.09332788087120077
2958,0.24348389268337445
2959,1.8492244000427658
2960,-0.2825646922630898
2961,0.3081565161281962
2962,-0.04689666936729911
2963,-0.2475791698135432
2964,-0.32304229628526293
2965,0.8319938729139369
2966,-0.2705930044182591
2967,-0.09545180914154121
2968,-0.04688416617387448
2969,0.5240906734843409
2970,1.2164380140624036
2971,0.3145754339117412
2972,0.4714180947112507
2973,0.5629006695299162
2974,0.7554810440860651
2975,0.33489690317813253
2976,1.0912750360948036
2977,2.5701442061478676
2978,0.4288277090421965
2979,0.778535026822156
2980,1.3198757109751096
2981,0.17210409603143395
2982,0.5105219559296347
2983,1.4455093359369822
2984,0.4926814385295768
2985,0.31568679867934335
2986,0.23765137756073484
2987,0.542849832427142
2988,3.0131498658881894
2989,0.39966157056483076
2990,0.02662615080206128
2991,2.429224975072249
2992,2.1823894351430524
2993,0.8146407724491732
2994,3.3697523693716236
2995,4.019074624229819
2996,1.3780622507743496
2997,2.0125302754600054
2998,1.8342383977261367
2999,0.677726790246975
3000,1.6382285767916762
3001,2.8841338598098005
3002,1.1171465301160735
3003,0.2774218321340528
3004,0.6112682378900465
3005,1.996358323524806
3006,-0.23690005543164205
3007,0.13530472857709605
3008,-0.2945553760207475
3009,0.07939786552847948
3010,0.3560006199235257
3011,-0.004493233205889207
3012,0.7550530258922306
3013,1.958727392827563
3014,-0.17405256305014205
3015,0.22086580871178854
3016,0.5311578713678607
3017,0.22958782471286782
3018,0.37283777444531263
3019,2.122991530281668
3020,0.65111543905389
3021,0.08736694469634679
3022,0.17621348255382815
3023,0.7726209594297448
3024,2.867708558907275
3025,0.6808850727207587
3026,0.3716307631096577
3027,2.8796678235912543
3028,2.624041738539128
3029,0.6506578264880237
3030,3.850405604637518
3031,3.4369668512620573
3032,1.1403955257996101
3033,3.277617557707547
3034,4.037937283772992
3035,1.0587383736828977
3036,1.391239400004183
3037,3.8452148117646376
3038,1.2116379509439994
3039,0.28546768018513136
3040,0.6080722070700417
3041,2.368642997492596
3042,0.5082471107644352
3043,-0.10013642993396786
3044,-0.2651997885119745
3045,-0.04926885023024411
3046,0.27138151342638794
3047,0.025762689392734565
3048,0.5501043291978238
3049,1.3076551925417181
3050,-0.07024310144691573
3051,0.30404776762855396
3052,0.3298010407516044
3053,-0.06484954045830295
3054,-0.1114696239543616
3055,1.860413171868617
3056,-0.10298949776389822
3057,-0.15538152591621107
3058,-0.0780494842397291
3059,-0.015875971884944162
